-- MariaDB dump 10.18  Distrib 10.4.17-MariaDB, for Win64 (AMD64)
--
-- Host: localhost    Database: repositorio_ae_manizales_unal_2021
-- ------------------------------------------------------
-- Server version	10.4.17-MariaDB

/*!40101 SET @OLD_CHARACTER_SET_CLIENT=@@CHARACTER_SET_CLIENT */;
/*!40101 SET @OLD_CHARACTER_SET_RESULTS=@@CHARACTER_SET_RESULTS */;
/*!40101 SET @OLD_COLLATION_CONNECTION=@@COLLATION_CONNECTION */;
/*!40101 SET NAMES utf8mb4 */;
/*!40103 SET @OLD_TIME_ZONE=@@TIME_ZONE */;
/*!40103 SET TIME_ZONE='+00:00' */;
/*!40014 SET @OLD_UNIQUE_CHECKS=@@UNIQUE_CHECKS, UNIQUE_CHECKS=0 */;
/*!40014 SET @OLD_FOREIGN_KEY_CHECKS=@@FOREIGN_KEY_CHECKS, FOREIGN_KEY_CHECKS=0 */;
/*!40101 SET @OLD_SQL_MODE=@@SQL_MODE, SQL_MODE='NO_AUTO_VALUE_ON_ZERO' */;
/*!40111 SET @OLD_SQL_NOTES=@@SQL_NOTES, SQL_NOTES=0 */;

--
-- Table structure for table `cat_tema`
--

DROP TABLE IF EXISTS `cat_tema`;
/*!40101 SET @saved_cs_client     = @@character_set_client */;
/*!40101 SET character_set_client = utf8 */;
CREATE TABLE `cat_tema` (
  `idCat` int(11) NOT NULL,
  `idTem` int(11) NOT NULL,
  PRIMARY KEY (`idCat`,`idTem`),
  KEY `idTem` (`idTem`),
  CONSTRAINT `cat_tema_ibfk_1` FOREIGN KEY (`idCat`) REFERENCES `categoria` (`idCat`),
  CONSTRAINT `cat_tema_ibfk_2` FOREIGN KEY (`idTem`) REFERENCES `tema` (`idTem`)
) ENGINE=InnoDB DEFAULT CHARSET=utf8mb4;
/*!40101 SET character_set_client = @saved_cs_client */;

--
-- Dumping data for table `cat_tema`
--

LOCK TABLES `cat_tema` WRITE;
/*!40000 ALTER TABLE `cat_tema` DISABLE KEYS */;
INSERT INTO `cat_tema` VALUES (2,4),(2,5),(2,6),(2,7),(7,1),(7,2);
/*!40000 ALTER TABLE `cat_tema` ENABLE KEYS */;
UNLOCK TABLES;

--
-- Table structure for table `categoria`
--

DROP TABLE IF EXISTS `categoria`;
/*!40101 SET @saved_cs_client     = @@character_set_client */;
/*!40101 SET character_set_client = utf8 */;
CREATE TABLE `categoria` (
  `idCat` int(11) NOT NULL AUTO_INCREMENT,
  `nomCat` varchar(50) NOT NULL,
  `desCat` varchar(400) NOT NULL,
  `imaCat` longblob DEFAULT NULL,
  PRIMARY KEY (`idCat`)
) ENGINE=InnoDB AUTO_INCREMENT=10 DEFAULT CHARSET=utf8mb4;
/*!40101 SET character_set_client = @saved_cs_client */;

--
-- Dumping data for table `categoria`
--

LOCK TABLES `categoria` WRITE;
/*!40000 ALTER TABLE `categoria` DISABLE KEYS */;
INSERT INTO `categoria` VALUES (2,'FORMACIÓN INTEGRAL','Actividades ofrecidas por Bienestar Universitario','\0JFIF\0\0`\0`\0\0\0Exif\0\0MM\0*\0\0\0\0\0\0\0\0\0\0\01\0\0\0\0\0\0\02i\0\0\0\0\0\0\0:\0\0\0\0Picasa\0\0\0\0\0\0\0\00220\0\0\0\0,\0\0\0X\0\0\0\0ASCII\0\0\0                                    \0\0XICC_PROFILE\0\0\0HLino\0\0mntrRGB XYZ \0\0	\0\01\0\0acspMSFT\0\0\0\0IEC sRGB\0\0\0\0\0\0\0\0\0\0\0\0\0\0\0\0\0\0\0-HP  \0\0\0\0\0\0\0\0\0\0\0\0\0\0\0\0\0\0\0\0\0\0\0\0\0\0\0\0\0\0\0\0\0\0\0\0\0\0\0\0\0\0\0\0\0\0\0cprt\0\0P\0\0\03desc\0\0\0\0\0lwtpt\0\0\0\0\0bkpt\0\0\0\0\0rXYZ\0\0\0\0\0gXYZ\0\0,\0\0\0bXYZ\0\0@\0\0\0dmnd\0\0T\0\0\0pdmdd\0\0\0\0\0vued\0\0L\0\0\0view\0\0\0\0\0$lumi\0\0\0\0\0meas\0\0\0\0\0$tech\0\00\0\0\0rTRC\0\0<\0\0gTRC\0\0<\0\0bTRC\0\0<\0\0text\0\0\0\0Copyright (c) 1998 Hewlett-Packard Company\0\0desc\0\0\0\0\0\0\0sRGB IEC61966-2.1\0\0\0\0\0\0\0\0\0\0\0sRGB IEC61966-2.1\0\0\0\0\0\0\0\0\0\0\0\0\0\0\0\0\0\0\0\0\0\0\0\0\0\0\0\0\0\0\0\0\0\0\0\0\0\0\0\0\0\0\0\0\0\0\0\0\0\0XYZ \0\0\0\0\0\0Q\0\0\0\0XYZ \0\0\0\0\0\0\0\0\0\0\0\0\0\0\0\0XYZ \0\0\0\0\0\0o\0\08\0\0XYZ \0\0\0\0\0\0b\0\0\0\0XYZ \0\0\0\0\0\0$\0\0\0\0desc\0\0\0\0\0\0\0IEC http://www.iec.ch\0\0\0\0\0\0\0\0\0\0\0IEC http://www.iec.ch\0\0\0\0\0\0\0\0\0\0\0\0\0\0\0\0\0\0\0\0\0\0\0\0\0\0\0\0\0\0\0\0\0\0\0\0\0\0\0\0\0\0\0\0\0\0desc\0\0\0\0\0\0\0.IEC 61966-2.1 Default RGB colour space - sRGB\0\0\0\0\0\0\0\0\0\0\0.IEC 61966-2.1 Default RGB colour space - sRGB\0\0\0\0\0\0\0\0\0\0\0\0\0\0\0\0\0\0\0\0\0\0desc\0\0\0\0\0\0\0,Reference Viewing Condition in IEC61966-2.1\0\0\0\0\0\0\0\0\0\0\0,Reference Viewing Condition in IEC61966-2.1\0\0\0\0\0\0\0\0\0\0\0\0\0\0\0\0\0\0\0\0\0\0\0\0\0\0view\0\0\0\0\0\0_.\0\0\0\0\\\0\0\0XYZ \0\0\0\0\0L	V\0P\0\0\0Wmeas\0\0\0\0\0\0\0\0\0\0\0\0\0\0\0\0\0\0\0\0\0\0\0\0\0\0\0\0sig \0\0\0\0CRT curv\0\0\0\0\0\0\0\0\0\0\0\n\0\0\0\0\0#\0(\0-\02\07\0;\0@\0E\0J\0O\0T\0Y\0^\0c\0h\0m\0r\0w\0|\0\0\0\0\0\0\0\0\0\0\0\0\0\0\0\0\0\0\0\0\0\0\0\0\0\r%+28>ELRY`gnu|&/8AKT]gqz\0!-8COZfr~ -;HUcq~\r+:IXgw\'7HYj{+=Oat2FZn		%	:	O	d	y						\n\n\'\n=\nT\nj\n\n\n\n\n\n\"9Qi*C\\u\r\r\r&\r@\rZ\rt\r\r\r\r\r.Id	%A^z	&Ca~1Om&Ed#Cc\'Ij4Vx&IlAe@e Ek\Z\Z*\ZQ\Zw\Z\Z\Z;c*R{Gp@j>i  A l   !!H!u!!!\"\'\"U\"\"\"#\n#8#f###$$M$|$$%	%8%h%%%&\'&W&&&\'\'I\'z\'\'(\r(?(q(())8)k))**5*h**++6+i++,,9,n,,--A-v--..L.../$/Z///050l0011J1112*2c223\r3F3334+4e4455M555676r667$7`7788P8899B999:6:t::;-;k;;<\'<e<<=\"=a==> >`>>?!?a??@#@d@@A)AjAAB0BrBBC:C}CDDGDDEEUEEF\"FgFFG5G{GHHKHHIIcIIJ7J}JKKSKKL*LrLMMJMMN%NnNO\0OIOOP\'PqPQQPQQR1R|RSS_SSTBTTU(UuUVV\\VVWDWWX/X}XY\ZYiYZZVZZ[E[[\\5\\\\]\']x]^\Z^l^__a_``W``aOaabIbbcCccd@dde=eef=ffg=ggh?hhiCiijHjjkOkklWlmm`mnnknooxop+ppq:qqrKrss]sttptu(uuv>vvwVwxxnxy*yyzFz{{c{|!||}A}~~b~#G\nk͂0WGrׇ;iΉ3dʋ0cʍ1fΏ6n֑?zM _ɖ4\nuL$h՛BdҞ@iءG&vVǥ8\ZnRĩ7u\\ЭD-\0u`ֲK³8%yhYѹJº;.!\nzpg_XQKFAǿ=ȼ:ɹ8ʷ6˶5̵5͵6ζ7ϸ9к<Ѿ?DINU\\dlvۀ܊ݖޢ)߯6DScs\r2F[p(@Xr4Pm8Ww)Km\0C\0		\n\n\r\n\n	\r\0C\0;\0\"\0\0\0\0\0\0\0\0\0\0\0\0	\n\0\0\0\0}\0!1AQa\"q2#BR$3br	\n\Z%&\'()*456789:CDEFGHIJSTUVWXYZcdefghijstuvwxyz\0\0\0\0\0\0\0\0	\n\0\0\0w\0!1AQaq\"2B	#3Rbr\n$4%\Z&\'()*56789:CDEFGHIJSTUVWXYZcdefghijstuvwxyz\0\0\0?\0c]?얱K,Rq\0>x_w-VKik{\0ZM>/ERk?}KE\'}gVl/o$0G&*N9SN)Ntۯ\0*b=zJr?^/%\0_~~Ϸ1xK׿uv\"</n(dX}xz\0l:WsXuM\'͊_;9\0\n⋽.)m?}~6Q}Yy}o֦	iZikǲڸ\'y3ae˫?=t\0#S1xֿ׭~y+oEڮYv$k>lƻj\r9e>a\0,#UXlDh^Yka-~Nhxl_?}*ymk?Ѷ\0yk}\Z_$\\ƥ\r߃o&7m澂l[䗝\0>}9<OOߕexv\0ɕGoyotY~Z\0ҤحVo~s/5	Eͻ\\icO˲-Fzw?}]K7\0*ş.CRq7=\rAmuk7O_/̷EE{4|7a8ڶ\0zFtjSu9c%%3aikE-?.4\"mt-ƻ8_0|XҬ.7k>mc}_n=~(Xk+\0֏$n\rڧ?Vlug^l^oF\0-\'ǗU~v\"_i~vww޽J4Ւ݌˫g][\0_JeRGX.e\ryWh~b\0;DH5tZ3z1ےzyMyBʊ_)$J;wkk45մmmb?kTteI/Ҽ\0\0ڴZϒ,AikؼoP\0I|b?ѫ6h2_\0\\Օݮku/?FEugN{_cKWVg\'߫uOVodvq^Ex/	E-r-זktX4bD?JtaBhB/mEF\rO7ߑRֳwuku˴+F+O}\"\0JqC?f6<x\0n|x\ZM\0\"OO^:W6u_\0TXkk%ʵe[Or|&l:Xܡky+Ti?8e韧Ua5o6+{f׼CF(nc۷oz7]}/6hwαq0R+[$|;T8RjZE&\0WG5O,_gVwn\0(G\0\\yKTOٝHECK3gfyM\0\\kŨK4}Wwyso\0VEI\Z|MjUj8+ťq$<7L_/yQhϝ.\0K\0mS_wƾ־[&RRuYWb\0BO).XF2%(|o߽S2¡\0#V}o\0\0ҾtZ)e?/Z^sB/$\rowc~?qEK\\w>xqjX}k\r?^IYm|e?Ҽ-[TG&(kxz(\'?3>|GiuڼؾO!7]_/Ά_\'\'ֱ]Zuu/\ZO\"?qףWm._iN+1ҥJ5jY\'lcv?	\")a\\}jE/>(FƺVO1H\0_s|1~iQX}Y|ݥ\03¹i1jߵeXed\0W±)ǳ=\nt)F~h\0y\'NOto\'\0x۫ix\0Z}\0/(\0Wd/ng~,Z5ֽ~o_??geZC,u)ոxKḵmR)|r5-/7Zy@Eh;8OQS\ZX%>*u.x\0ƃ }q߿^7ꟳ.k2\\>(R˥)Xzxy{:ehT\0vg\0\0\0T/KYV_]yojf?\0ٙ+jg9V[ |bk[]SVG_+~-sHi2W\0ܰ?J/\0A\0!oᵵg.߻s_E*ʦimg[^F\0Tcط>Z6ud{($_m?\0_#k^E\0]|WME=<s)Jm4ɴN%vNϹ3KwB\0YTغuɗyr|OO5^o7ڿjx:NjU+0yJO_j_=y7;WO\'ŭz/7\0BҼPkK|\0w~ER*_\'+?6䓅Mbb(_\0weZֿҼӦ\0^W:i+X@[~UP\0k2|\r}ğk%\rՔ/Tc\"	<Q/3OYaiW|+\0V_SK,VPnL}eOZjx/UW>ұ-6[[K>O/⯞ij}/*<r|^.[M[\0\0c}MR4M\0v;9õٯ;ֱMgv\0P\0O\'.ݳq^?z^u_\"_kŴҼ|&_\0Z~	u-O&?毜95Ykލy<\0)ex\0E|_5tm.-&Do\\\0Jc(R_\'Ȟ?wW\0>-KZ/\'w^?\0_Cg2\0XNnk̜v\rקv+~\0cx\0geOJ_)֍T|%9fI,?/t?cT6Zo%kuz(cj^Ah^֛w==.FŎt͕v0\\Z^k-9aݳejw὿R^Uُ_U|I}j߽m|W?\0gڸ {\Z1Sܿ3zЩ^6VQ]_BY,9:iZ2sҼY,}hC43?5MR\0_+&-uo|K.OTK~5ux:XPJ6kl-a)Rm+6/6ca\0R){\0/\0w膋x/6[Y2|kkiPKk,_\0w\0xnqJNV{.TG=m;[ʋ͛ȎOUkZiqE/Er^Eqx{^G5$_潧O֥\Z\rͱvyiJ,\Zzit4dY|A\0K|e\0DJv_uk,p^եխԷq;Gٕ\0Z۩CzZ{aF?EkuK;u?>%i7^!}WR<鞟zY/\0fP\0fgkrFt\"͢XU~-ڼ߻[[.auo5=\'^U_ebCUFMqֺV9*	]+5\\Kw\0Lܮou[KEǿˍWxu[\0&_`]U儥Ȇ7dR/؟{xn|?u_𪵟Z/ǉ>7Q}/hWfr~(/͵i?ȯ΃a|P\0JVl\0澖վ\0?q?5jt\0a\\}kq#\ZZ;Y֕u=eҼ溿\rvkE\0MWEg\\^mMȏ]]]EN\0i_;ĪKo\0/Kpx?YVo|2-׋ne->Zuoef\0\r<=F(V?tץTq?_\0#*tWj֟.x>X_J/cpm=,baT]/%e\0W{_2Em0utBMJO[>t[,ٛh],\'ꯈ$_\ZR__ƿzaQ\0XZ7\0-$Zp^c{{)oٝm-QeR}Wsz.x.(~/ʬ\0k\0?qNyvg_Y?+I+ſjI\0K)\05b\0Go/\0-uE\0kr\\\\11_8GfyY\0x~\r7<Wl5o[57^ů	į4&ޣW\0\0f{[~/̓Y\0t5N*8(AZ\\Qڧmt\07αaiZC\0,&dJM5O7z_+G&|P-AG\ZU[hPn$?|/߅,^oҪh7^Wk^_*Tݭ\0f[\r[mԿ{XxcӵH~(4|__\0\0?PԡV-?گ=Ѿ,jwm5Hy+اJV#Ph?tR)u	=>0?d=k\Z-ȏok1Wv.%g[>^o]C/	$ܿɭNiܙ)Y	~0XxX⵵_s̏~\0>*X_o_M[T_WTZKY||͸mj{ZN9jJ2w_\0%խו\0w\0[WП	]լREko\0-U?g}/I7ŪZƉ?3[[+._&T{v:͜e5a)ky[SmltW_|v]\0Xu\0\\W^<׭|%*:ߞJ	m?7\0okWsRvv7OͫYn\0{_j7>(]yW~\0}W\rG7xO|oݚ7c\'K.E-ܯ{ٝ#_Y=L*\Z{;U:3>qW/&ϗ+o<C\0IPϾ+f{\0+X):NQx^YfUR+f@wҴjUO\0J*1}u(\0пZD7{MR+[7WS|?qSC| eXK-.+S_\0{+˗\n^)^fqʵ?6\0b_^x$djjB:C-Ӟk\0)q\0kzWoO4_}\0=$+_D\0+QƝ9x|/kߺzO:_j\0UZ\0ºM>*RM+-\r#\'so_`\0kT\06eZ6|e\\\ZsXbSY\0٭X=ƕlx:`W8UAK\01S7»K$vm%9mh_q.ryl߅\0ciųkW~6\0סGgOk\\S&y]~F\0	Qt75\0?.\0һmkV_j(ݢ@OrO֖mׇ5K[O/\";y~Qy>\0\r5QEIg˛xu\0-c+\nk._ir\0tiOI{/JJ6g3g(om|٢2Mۖ/\0--Gy_	| ҭuoVRE,6Y߸-_	){	?Q,</Лf|,?\0eR\'؟dOW}☶1cTU1쎮cw\00?©/{\r\'UR\0\\+м+!\0[Uc\\eլ_iOKRVt\0,Z\0W/SrxyR\0TF;gͺ_\'Ruio2=O˷mOu{_\0\0m/:i\0d1~Sڅ%+x?\n<\0=m[ݯkkS]xwȵtY-W?i_֖\\^(%Fdy6m$dξo7\0CkÞV_͠7[;F|qpt#M%vz>WḏíZ\0.ڧ z_auݿº+\0υjtFZjq-k,K\0i\0]o_ό&6𖽬jZZ41c۽]8cwvv7O\0U\0$#_~״kF|=+~9\0]Mܜ?f{Յ>\0\0\Zۧ^׿f_/23Fӛ쿼VDNdaLs^u[[|;G:~&rh7[}ϭ~r|-\0tΗkx_^Π\\g_g|y~[?Q#>[dy!JOZ奎V\Zjzx\njH]?Mթ4\n-|\0a\0k֗||~ǝAKt5便QZ3ǩO,gOc#~5AsZ\0,X\0*{ǚ\r_+Ȃemta޾Ûx7KF,BIy#:z;6;:;:ރ\0CjEq\0!V<RG29\Z<Wʻ+|/i^=W|9v?)\0l)r1yug+\0W,X٫]g\0,9(wm>V.smiuӮOe?\"\0X喍/tƒWc:M\0E9m,_\0YZ爴K_\0\0sg\07׵M/MuƐ;_|Q-W^!ΆOlؒy=Mz|R_\Zl\'??ڧ	kxO}m ʖ\0Z7\0dT9WJ;Qٵ{yԼ=8|<2oŗ_o͑~յKTYm~?v~e{֙Osaukß^ZAժ2\0}u\\dTgR+[_^n#cb,t+;Vl,Mk\0\"o0σ\0ߋ.\03CWp\0JQ.Yt/|`Ƕkਟuo}_kXfL.T7(5sZٟn[XkF\ZԿf_fX\0n8v/]faxV׾./\0q~Ź\0O/|$*|g%<Ldq:-KѯMZ=_߰owOͬOT\0dW?#k_^܎G_\Z]\\o<Q-\0i\'gO4hKjeoV=_c:\r>o\"ȉ=+\"yz|E߲\0ȯK_\0?|3n~ߢ[O/lb+dZ\0ui\0._½Y;$yT]s4݅߃b?uytbw𖱥hEuuxw\0d|T׍yWKAU>_jʹ}=ښ-λm+y?RG̯u{G\'čÛjZ6;\0su`1q?qkxr_]`zOJ4.*R\0\0ImLkZZX\r\0B\0֧\'to}¨}W|d<sǟCHOkؽ@h;\Z\\Jb	7dxuuEؼ^ٿOoX]\0̑\0o\0O㕇+XG{\'d`*AAdW5]Kk\0\'ޮz(\ZwMs{PxGѭb߇4<J&gÀSq~ n\ZC{..9_-\'noAm8v[\'#_|9PX[&_MwzqӬwWN)~]vߡM\0% K^s,Z-/ys,02=:vCO?uu	d57ęN3f_\"!Al\"ⴵDy\\zk/QaaۯnMZمϭzTqTu8sizϏ~^\r\0+[WA|9-P@?¾emek\"ye~+Wx]ñy2]+o{\0nojֶZ^tgz\0ZxOh&B?_\0Л߇\0\noj&߽\0\0\n?mZ[\0?Q?m1ۧ\0^ȾFy5KF\0ki4_ψ|+Ú4W[jOſ<.u,r<t9OY|BF\0Qȏ{~uAIAvThͮdIOxYh6\0=$ջ}[V\n[+\0iqۂ\0y7!\0;]t\ZMmA\0@NJ*b#N<i Fs|Ztwn\0ir7[bi.R\0\0dʶ|9]x:\\sICȿV|lgOwE^>e3w\0ħ\0_?pWog캦??d5-	 9`?୺_W:[X=P\0ϿRϏ?e_E//\"g\0GD<\ZSʤS{_uWů7_oյ\"G>p69_\'/<Q,/܂Hm1X?;pEk_24{xHE08*拲ƕ2D**|쭭ߕ?\04_C4\n\'z\0߾m_O	irR_^¸C^>\\HWꖵ\rRA\0J-}߭sKuߪ4e>>YS_K\0QH|K\0*7{\0xYխuwVkσzk7P}|\0Vbu2/7!\0\"m6Z(\04~:xwS(׵MCF%}ݫw\0P%\0ƾg\0J\0\n+V\nW.I?N=}TgM\0½WZ7u.FzzWwhO%mR̂x|IqkSx\0}{gĺL~W~G ?6Wn/fuS~?9_ik[1Gvdl_`w7ߋ_,<kx_WY۳|\\A62nѥՄ:-wjs060\'9_eoYU׊5t;_%~~aЀ~t0tZqHZK_΋-|\0ঞ\r_4*/z{ݯ؛S7v$?\0RkO)^!_:c28d`sc?6?\rↃ~O&>cWwtb_`\r|iNa4Z]Բeum/}]+Η}jG4bU_\0m-⧷hch[b/j&*T}/Z+ZL_r\0Ltؿ\0rԵ\0r~\ZUVE}nZIZ+B𾭯}Kl.\0WA@_/~l>Z`k^qwYJjjvutR\n~ڴ_ֲXJvZ%B[M._яsORd/+?q\0|_ԿxWqawr?tx(BNcsz~_~\r\rK/j]>A</&Qhr|H7O67{c1Td<KMbqtdKM\'mt}~W=g	_u-R\0IדtO=\0~\0=DdIH$s>7)=~u~_{R><-c{~=o>&ZayW[qMϦzDU*WxW^_Sii̺E֩k/eG\0U+./6_k?i?kb\0m_X|蝿_{2U=2Eu~\'i.?ykʈŷWDOK/jp\0m\\ui+bR\0ШKBi-<>uߓ\0dW:?<oK_7be$xߟL_O;Ն}OG+L+Quu,Z~I\"Sfzb$鮾fzin!F\"/Gi2G\r6A++׵_B׿/	\0,_\09?_-|Cku{Z/ȿzW;ߊz_j9mSħUcfR\0)\0BM/oEwؾ\0O~Z~YboP|v\\~\rŶy|olhxW<oJKPӗMI<)s+=Cvk\08hO\'?Ě^Z~vq޾g*}YCM+yn~Oǉ12zP|ֻODo_h)c\0\0	z_	\Zyc鑊:5ݯZ0u^k-|\'durlw)8uy5Io\0\Ze^(֗y~Kp\\l.s~|\'մ2FYZNbָ(3~ЗZ:1Ϛ\'FTC)\Zxԛ]u!~tz\0TnH|GI2z}/nBluǺYm?U5\ZO%ڦHO/Sӥ{|?[i\"vq+\\^0V䤺ϙ\0?>j]ԑ}y]]0=59#1~*\0_h:.:~}ז dq_&<5\',rý#\0_?M^gο:W<\rYZ<>iJMX߲_<)k,ŬG\'.y_Piy~h\0y|)%֩kiq2}w\n}3_,φeҿik{_ԟ˜EýfOy+6iɷc<ž!>akZsɟ|?guXKM+=5B~\06/7oZ||ѼYK-~ʍ\'zW6U-M=JŬV{7|?hM\ZWQ+ğ?~L޴*0ygC^Tw+>=1VoW>^;AkZ pv[Za[ͽ<e۵ݎ|C.\03+j߈ڧ/_\Z|h/gkwa9H(t$>lw_m>,S1ДD\\^׾\0=\Zk>;EG}/f<T==:us_|r.e_w\0O.<\\vwn5sZkG_ߍG\0hxst~\Z׮.jDvN1|)|u/MT\0ږ\0-\0c#RrfeRMFm+v_j$Wo+m/r_o5]_Jo_:/_$\0_9898ozo\0	v4\0~\\hŸ鏔VwcυoſK>o딟?2I&(癭l-jPN]W|e|Qu~{Is-#=Z~/u[[~4_fpF9Zzuk_M/\0xU[w<ק8o	xN~Կ-]]Nz8\'o?)FRJMkҜTF=oQY\0I;n$=P={	7|nKFT\0KRkZƘp~c1_|Tux/Px#/}M}\0W[]>w<یgr2r[m/cc/j.IKI^ZgZOXxKmnԴ-e	Cꠌ-Ǆ>ƃK7QM\0μ}2F0{~rֶMO4.t jxItO|Ko?I?+qqT^}\Z?\\Le.69\r:JQI*}v{ZVѣ-\\k|\0D\07∿#+sό|R4礒ڼg?<EXktO3Cn2:*?:>v;#}uu\'݁vď!\"\0EA\0}+?4oA?«vn9?)yq;)<p~Y.h_u\rԑ]omU?ݙ7JZiEK[YT_szW|IKku}VD;u]x#K}԰\'\\,zc#<?oMR-T(bxȍٵW\nёʒ@9\'<\0a)KTtԣʵz_g$vSE?$l[ԁ\n/{~ı}DR\0ß|76[Z,Zߣ,wF;	|W\'\Z/]Kku&O?Kq/L8µHA:PrYթʼϰ~<|Ww}Ή>b?sQ\ZomuKYL?io47\0	ߑ4pwk*\reFs8x_mb>߻HoyusEJR׵BO\n=\Z~3ZVxG(ZP4¯,GF}kK2[~?^\0>6C2l\'Z\'Re(r:{xwn.u/|IW?J4MSs,\'JSi</+\0\0\Z{\0uwئ_+nIU\r\0}_&hw^36<%\0-oVꮼR\0W/˭Z_v]$</Yb%X?jku6œj\nz\0~a/|6?gWR.i*G}kw?u]zm\'ž׈j?kD8\0^\0(>>uuW[|MZ\0:a-lSˁ\0FJH8\0Jc.ZRqc\'\0oti0vFW~~#PǟbhK\\#N+&Wén++Pč;\0}k\0+k[ZW-]{z?(J\ZSSw{W(uKBIܻ3OJ-m<c옮jA7q]rH/)4HB6lWQ~WZSԕI-.mfl.B$Tn{w/	m>#EuYH/:S+/|Gѥ_Kce̾pS.(t~?_|y9/5\0=\0^\nzx_ݮ.>x[Y.XqtOC\0\0u\0AGwkO-vO\r$gIGN+];@E_4Z¯Xkj\raZ~А=@>\0/QK[\0¾dk4d^\05cQ*uZ2irIkǵ~q\rGo_:ISަ׿!R\r\\Cǖ_5TQR\0z̩Rt4[|t.uk˫j@}g8^޳WR\'$wk/ڳARۧc\\:vi~>\r1**2iUHInb_&_\0?Σok֞WK,1}뢳ukKa\0Oք\n/uXɳO4_zI?uw\0/=j(e4܌q\0\\\r\'_َIdO/۫\0k_R^nGfv- I\0	э7)lhլSWlHo[#H;yH`wk.UhZm\0~2>!h_`vǬus|/xO\Z\\k/>E>^h.]}O/rx8Лu ?z}Z>d\0ivo#Up{7F\ri:^#?1\0\0[:?4;__eT/#o\0/޹>\"9]E-֟~Zu{{\'eѻx\ZUSMnֻ}^?*Rie쓤3r0ǿoƾ׍.KQ\'g3s_G×v(|ăiOo\\\rCGBirx^Ψg\0nx+!R3>V1UUxn_Zꖺb[Ȭc\n\0kxK4Vo_R!_C?_otV˄L\0ٿw?\'Zä_gpqҾ+ʫ`pUD}}l}EZX5Yu	S%X#}I\\Wa>k5jHCk\0\"Os\0	_}`-|$\ry7[\0	eR]ZïZiI\Z+)_3qʖ\0\n)ѥZmJ0X~6kn-ZDC|g Vςxu|m0\0hxr`gQ6~f[izRQiCԜcq&\0F|C&_VNNvJ;PvHr68_r0~m鶿jy?4#~5-\0XH}ԺƃA-?j(ѢQ?\Z6UG(ETT_<1\0?cizOHud2=85x+?7ɪv8<[y9s&i\0i?|)goj\Z떶\\%ޗt,o	vW|@.\'x[g~kZ2vHM֗.ZqC+mb,mg+(׋rwOWK}.\rCÓ\Zq7֒J\\뫖dZݫ[?:<W_kzǍ7z挖@MZ?hW\'k֗ukgtd\rw\0h??@k|E\ZWk<r]l7;;gǾ*0iVv*X5*z4}?F|֩A-|=N$TO~ldL\0h]Z\0Z6d\'$$r7.; \Z&ng\0	f,ZN}H6FWM;3׽~`|+kk7Z7k\r\rڼƋbQ\rCV?8`%*UK_ép|qxnMtյ[u*XM֭EYmuK{$vK)ܲ@`lGO+_eإsа\r%^׮oAJ	I=%T.\',WwWW\0mg?PH8 WF>v:Yn>M]My}ʖ[_lM/?~9K\0Q{:_ӤxBHeJ7jN,1fk?]~Ie/5߳]nu/SIѡ\'ӣ|ޠqg;U&Gui\'ek?&}[,L },3#J\0~ ƗxK|eu}SOO^%als\0\rg_%=f;RxmOאL@\'iLq<ux\'%ˣxgT\nI74/pXckk*\0~|~\0ryyWļG\'Bqk~#>95k᪩/5uyI]|]/B<G-Sy]y8psЎ_M~Z3ރ__E7~h\03&	۪x^񖩨iz}g\nҪycI6x<k`\0޳utװW@6HXǒz+0=]YZ2WS,M>w?\0?5<,KIy\0Ǘ_k\Z7&t㕢mꠃ\nڀ=?I7{TעYկ y7[g`%8[ߵ<Ok\Z_c2}/@ٔ*=>G,\0\0kua.\0Wl8\'X(퓚}7NEuaE#H_{{\0f\0x7?u|4Q/X%ZK\'~e)VK` \0?:Mϛk,QMx\0]X9Uzb)˖:|;~x)nuM\'\']Sn_L^(\0chkZC{2r*0z^+K?{\r~_=8\0էV<)\ZVJFrv*^\Zӧ9Ǚ՚[^Dyp4W]\"L;\0_7xvzuak#?*G}/ɵ.|\0=;mKMS5.y?:E8ǪiR_	Z\0=׹koi~l1Z{?ݫW~ת}(I>??\r^T_#Gyѧ\nwCiNr]i$_־L^}BLw*/]ֳk,!K喾>QXXE\0l\0+^xVZV}Ri<<|\'kk/_?G9UBeo\Zjx{Ty\0b,kwV~TT_bJo?uI+⏆Z^,\Zyr2޷R<2%t|\0 6oe\Zʾ\"Gen|YbUזֿhi(\0r_iz\\ _1_?\'uu@Z]i=<qUI\Z_W~q\ZQnnVVz?^zOYm-t?~jS/m(*AHy2yoL>n~UM!sy\0^{__~7mu	n.rcWDTmy&񿌮O+w_} Vޏk-ԶRȪY\ZIFj/o>tJ]a+Jn1?WỬ4g%:-\"Y?z^T^\"t\03Wwuq^\0>	_e$^$i\'5ӫOZT\'6~SM9$k4Ӧ?V?${W\"_}m\\q\0~8_#֗,+]Q؎xz_uv~7x_߰l<Qkm`>r7w$e\01{źwAXn\0EFcZ	lEn\Za^-7%+^VQ֩f~+S(\Z)Zwm/v=zD冗u֮?SUIUէo\0*iWY\0_Eխ\"Z\0RX|zr9*~-]j<%,<}q}95\ZtN254_q*擻GϟKkڥ^T	\0&+kNCKz+Kv:Oˌz\0q_w_o]׆9LD~b~<|gch:1Y\\O>]\0_p8RyOK۵ύ*NX;WZ6!gyk\0-me]dʳ;>{fm/>T\0sȏujͨ\rƾrU}OTk4XdE\0??hÒE~ʲl\0\0\\vmCZ-e\'/3_k4._/u#(J@Q4ϒ~/|=.\Zʚ$]vB ૟,<?R\0`ڬ\\ճNk_fwkaaOﰓoʟ\0m?zSWZ!/eyjM\Zs~sc]^\"ªfQRwJi%tWդϮƾ,*5TeQm\"5~,-n˲?nyoC,^O\r4?j]xG~ּ/{}\0~!fAyUZ\0}~W\Z3ڴMۮIsձ5ZTݖʹmu^>}e|%-me̺o*xO<t9+_nth俕e۸qھ#<k,e4#oj\'W\\\\S^:4q嬯céJ,xƸo/\0[-\Z/Jd	a>Hp+\0%g|=∿u]?T5?}`Uy/?e_ꖷWz7<\'T8=9~~Kɺu?3ڿTgesegݚ5޻~>.E]da0s褚/7QE,;궡oK}-ֵ ^::}j~/F|57xo\0\r~%gyo\0gZqZjx{Pws۸}k	ᑖKCP_dk$>Ѯ}<q^TzW̲\0>?kK/}3ؾBsR1\'`t+f{n|Vb2¢ݫDϫ5o:\0/ꖚ,^L[w}tٟ^וY̸UO#Mq,VL_}$_ҿ\06gϖ3/>}U/\0Ҽo>\0K^-ם\'v4״_+:ʴ]8Tzl<˖m	_kE첎6o=]=+`7KsRFg[U+Ñ`![k>2ֹ}.{-GS&I6l!I8n٬%Oe|%Im|O+ٵ1wI%_9&e9.ÙUjTiC4֭٭cv\'Z-[V\ZWVԐ]Y]2lt9\'\nK\0\0]x}ZIq{--_89\0HHׇ><e{>K>[9S^sOA|%U\0<\ZV<{{]EF6eqJe_2{Gmo+ீ\Zh|l:փe۽:dn62ۘ(WU~/?l<\'	|9k\Z	 ?uk\"\0`Qy@$|ֵ_(K%ӿ׽zk˻uS]mVV^o\"xxUE\rt_/o5ß͊\0˂/Eq\rAddn|bּ[^K?iW?>?\\\'jz-V1Ew\0֯kv6QE\0,\ZOVVqw\n{p3z*zsk\0Z~tʿUȿ$xe>\0=KK\0_9ty\0BnÞ?ۤi0\\rzW\0_j\Zrh:.\0E2<|V\0H%NxKVt[^^]d|0><Qkk{X=`}@q7\"&M}.,~ae<?\"?ֺ?ٿM\0<QS~($61Bo\"wמ_j[YbO\0޽{_5JvtK?~ye.#i>XB>+|>7|/\0sk^T񖜶\"}@{cѶȁߋoo\0<cS쿼.~Hk#	\'.tŪy$kR26-ŷwRF˝g#wK>:0E{;upJzd¼P~&cA>heo\'JuKO-:	6Zl*yd+*28\';\rn|Kڽ\n3K>-h7}N\"b(pI\\s5ÿsA!\0[\rӯ>T\0s]51 ۞qUyv}ܡj_]_\0Km`\r7ER59l2(|-Vj]v$|ǀ?cTi=\04}d֗/>y98ZiT?h,V\\#ڹ;rxq-QVJC2Y҆YJ<OF<Gcn,^*H/q\\}?\0\'?_n]&|,.!S8+\0x~|#]ZX,I;Äi9}\'7c	7kƍ/^\rh2Z_Zم`K!C\"^	&,TQUjj,=6Wgeuf~IFKXyk9_У\\\rmכ`\0\Z<U{ֱhy{<fE?^?-2\0*\0>*JKSu,>Ty\0#TYeI\ZoD˪Kڼc	UyΣ\0W\0\'&Z^-\Zo춻ӯd5+$%cc|_u/TWRM:9.7rx8=F=kc*{XϹKø*S9un&\0ni-F<+4%uwk9SS>	/KE0\Z+~>~\0?kI|eybѵ\0weymERBzfs}+>\0W:ό#~KDEXG*ʮ%*QJ7RӮ竅g3\Zʛgk]ɧz맙	>\Z|=\0T{7\0/QjW-6MF\0R_*K%]o#5?,>\Z]x\0AbQ$}v9+?Bp=knXZ8lBJK4\0Oh:Uaw\0ou_^+M\'sڦiߥLR/^\'eN:spoL;T<u87g6sCb^u֗4.7_̮___]ºVTMe_u3WWƏ7~ka\0	E\0G|S>2X,uyhGV,0\r}Y>Е;$_qY=xbcYy8dno\'}doQxr-CF,8_^o_\0XOkfۼ^WEMa.NV\Zoho9%oK/Y_\nː	+Sx|GsIi,)eޝ$}*q\\NUW?T^xUjxju5컯],>?\0\\x_e	m&\0HȒWip>ln\0\0ĞWQjO[M,nt99?|~9?_>^=u-~X<\'%T֒n5g^32\0^v-b\0mĚ2U=֩/ڮnn:cҸy2\\j%JŮɰ~xVrR]mmr~Rsh%u]}睖^ w럸<||ɴo^wj,c\'-k[u/	F/t	isoi\'#h}IC/	~(񕮇\0k ͳ>czqץe֭AuZ~֝uGOexZNNZo?Ph?\0ZA#ZO{pS{fJ\0/AG-nG\"lL|濃?~>|1]}Oinݟ8gG7E֩\0G|d$ӦGK:79TN$[G<n2Wo=\'ǚ֍R;%4q~WϽ|/Vo?	\0h+SŶ^$lN?JO	\01\ZxJ_en^7#+[Ym~]Ż8\n})ZRoZOORVӊٵtih~i>m?|9\"\0\0V6T^\0\0tߎ^7-T\'	|\0h_5S\Z׈}B$<&k9\"iPr}~zȯ\034x,릤?\\SZ_/Ú\r:ÃW{Y\0J׵Of\"\0o\Z\n2Φij;\0r_WrJziޏ\0$}cIkxrT9aO$g q\0֯by% z_bPk3m{ǆ|Gx6-SoM:\0xgWM/ky;?o,&:\\>rjђz>M\nar*4c&_Usش_&ִ{[z	/tU$.^x _~_|>.պ_	;ѯt|YS~)|=4jEk4i#/*st~7;_mk~X*kN{7ٻu}㯏7u\0AI6Giυ_Ooǟ<Ľz-./&Z86\09a?>\r.X3\'\'4zkt\0x۹㍹^Ovӡ9*27MzqfũSWVh\0Տ|Q?Oa=gTwclxW0R/h&t?y?%u\r=9~v\0M\r/Al5/6%kwO!Ӷ}%V/wR].\0P,1烌xbG7kz{k{<x_9ᢹdʮ_Dk_\r>xl|;koZZukOiU?:q&OM6m&V\0	Ì=r~2+#ʕ?q*ĽkK\0o%ngq[ڷ=F?4_jZCu-kIڷX:~]O߶Fw^g.nTLw5¯M/X$R4I}GnX|Pk7\\_7z:Z/#5˙ӬNj6{Dz~\'	FNxȹB/~%2<%\r<Gku<^پ|`T2ܼ</ykPoy77||\'_:_<eoKpw\0p\\?\'/x7:\r_GԌurONxcV*N2F{+	K)nQVY}׎</Z>\rOu&~}[װ_~>|=b<oIͶ~5_k?ue.\'p3}tiw~2\0I#v\'{g<TLKm/OOC\r:I\0Fx?OR_t.-Q*\0P8W?E9t=fdayw)bʒgFz/ZSHa\'}^\nAO1&QYn\03γI{>HA4VN^Zz\0ZFֺvGwlukuP<s_\0W\Z%\Zi\0	.e{ n6n\'\Z-|Yu/ڢ\0or6n|7ɯ|}C,xXz00}MtQRQњ>WW>4\0/T^\"tq=rLe[,\0~s\0:#QpZ>fv[l!mު9\0n2~/k[dFm6rc%y_\07^<\0Cukdh}oq)סqjm~;Q2;6RJV}֗i:A4B$<#u&_-^l?=ٯ!/1i4[cF,絻>S\03ve ƾ*OgV\\֒D1Z_.v( r82	7af<(ʄ^zdYt\\9gi\0{~Z>?\rOlixd瞹-=}|=uRW\0o&Ҽw\'R)}ak4\08rpxЏשNu:\0{U?Z?2H|]z8꼎5~)\0(<|Z^O;)\'&suF\nGB2%rz|(?e\0(y/_^{9?hkqxPrk-ҽoْc+ŨeNOk6{tv\r?|\'iz{[\r[Ku	֯.$&#j	aukֺ_ȞIX_\nO$+SO\0-?(OkkqA0b%C|)~~\0N,\"i~KxNF/ovw\"4P<%4__Ob#_Y֫/uskڶMh?9Eu\r֩u?\rVX~`2):hYjV M,^Mȓu,M{r춑\"&\\$<UNR1~dzOke|_-|㭄OW33i%-ot|+\'u,y?\0N㘼Csua^n$g^Yxʰ\0Aj?KYe\0ges4I-L\nWHڋwZOin,m<\'AϦk{\r||\'-Mx.lӤ\r.|\"?/߰Z\0\'kWR}r{dC޵xBA~b\'gC3kd(Hx\0a)7/ůEcW	15}TN~ѵ͢z&<yT״຃k2}G\0ƃjlǧO#E/\01_\0?konb2&\0_\\\0_?<	k\r\Z?6\0>ezoo|}8)rA#\0	jߔ\\\0N\0>s/G״\0i\\5Oq\Z/\0iyco]SÚ`ncubЊ_ooZD]O:[/CE\'FA\'Wz4_570r]*ԥIQt]?aW\0E-\0MtZoIbFO${o븼&\0QC\0L5%R_xv⠫4Ee$xsYI=oݙѭ46\Z\\?Zn;T6\r]}-h|۾ZԎim?Z}uwn\0a+\\Qe_e-jFDkƾ(_}g[k]#ZT_jx_sG;lYdW-,3R/\n_:Jѿ_-ekivK]}WUO\r<[\0	ǦZv\Z$`C9;%f\0dK_6+96~\"T*_6o&3]sJRRr[쎊u0Ѓ>5K]\Zßۚy¼0~3|V|5ǃ%)uYgn=+~eAuuk1է{(Ԝ\'\n՜vc\0(7-ok2/<%@pǨˉ}</E_$Ro]{Gp4bǅ1xUJzfo)z\0Z/G2/ud\0Y_]ǥszkEk]N)⾃Q^5M(F7;S|8&4%wWRN-m/SP/>tx7yVPLUުw\'\0Q\0e^+h\'FT\\dd~uJ\0q\0rY2Ro=+[=w?7_`h#2e+n[~Mq/\0O5lMyÒRn&2NKijWWf_6_\'\0}\03|3|u7_ʩu\"IԚў<y-/Kj\ZAߑGxŗ\0uIo5\r_?ڼ,\"\0x_ץfnq$5N%.e٧oڿuak\0=?w\ZU%wu-l%<{w\Z&uyu~~mK\0	橫Z\0#j?Lߛ֓px:o\03IUa]B/ZpG\0kGm?ZP\0?U~ j_j2.{/\n:srzya_I˗EU}NW\0xAAׯ/ZO3e{x{oj3g]}>j]]\0_\'cQS$dW\\vMRꖶO]ESt\r\Zb\0HRHvhm|\0!֋S:{e,E/c:\0?^]S^>](l\0>f3ATѴk_ZKd։y|>g3^(?IZTYT&lZXag8BZkSk[RoZF7-?\\wĿ]%̚vuwƭ.ӟGpjS[\Z}֍aiI7KjǮ?23f_cKѼȵXgL~5z!/{=8| |;-w7/\0XH|\\Y	]]jdjf~8a\'[_Η;_kVuovp]=zy&_ŗ^#?Ů]\'\\ѯfJׂ*bp)EsUGC֗_uoW~_hO}z^ajZnm$C\0sЂ2pkԿҢXΥG\'e~tg͇T.ji&>?.\'KzlygOh~2υq\01_~IyF\0?z=Ęե܏<\0U{{w\0qYNb|Eq_HuCV|\0#C]Ԟ_l	e\',}\0GG*O*hw:ŏ~Gu\0c;~#i|]jn6g?9;d2br䫣{3o*_dek--g\0{6+6Ve/v:׎k_uh1Z\\6ue\nymݴ8r#v,_\0Qe˃ȷ#\nP㩐m$(Fܝ?ZiƜu-{H-T&\r+\0fΒ麽$`?\"POĞ,/Y_ڭ|NOn+Q~]H\0n\"/5j^\0⡵{[Kmmc|§Uprk\\uMu$6^f]\Z;2}Kc	Q̳,*&+_sKR\0E\0S\\_j<[eTC6 ~5dr\0_0\0O3w=;{evqeG\0Kir\0	q6-q܊Pѭ~&Tmnz}qֿ$>1\0fo\\i_oo:oi\"kHƧ+Es?|KGNktݐGR9nyx Sw}Ō刚vit_x_ǟ|YEy{;jgAE>Dyl\0?\rx>)״PچIYb#r$Ìe!NE~|Vboe?ڞ{]J3s;>D2p9xJ\n\0-/K+x<:y#IQ^}Ҟ.q-]ߕ\0C8\r^Y6[m߼oYWW8w\0.Mf\0VVO \0zW\'K\0N_z|Ν9Jv=vMdegd٥~OWu٥(/)\0c4i6lo{?>?k\r&A/n~^Ǹֵ	Wo<;ϒ{Kykg釂kgk;[XR\rL#/Ϝh>\0uuu7.xώO)0AXXxO5k,M{~RV_*,n\0\n19\'=vW]<}uFuesIhmn\0i-{៌\"?k(c.\"(N38URzW:\0vԖ4o\roMyaKdR}5H4,>[$	~g~|?kwk^oWR%:TS3mwz+tIv?voxjF82RmەJl~(c\n@67%2~H ?0υl>1xKTz$\0+@zSC^\0t^ѭaۨ5.?nۣsr|!=\0UPV5h2\0 mG̅?l\0#*\\i7e_s6bFaOV(6-\ZIs8[7vҲv>Vmkyˬٮ?ҿ{/ʝ6Yx{\0A=\0QS]EkϓN%JWEŗo\0Ъ_eʋ*	.?ҿ:n\"\0w\0V̤-_KEQOUQ/I}TR˭J?jy\0Y}֪\\j\0)hWi]\Z?|آ[\0]EMXi_(\0{72:6οPV,EW3;ᾍK,V_Fk`\n~ZjLo	9ZEլRH?3.7mǧ-ֽ[CSYo?Ҿ;lOr6GW|oAѮ1opW̋/B?j\rR_sKz<\0ӈK^?*`^\0y:\0١`T-[AՉҿu߽\nxNz&?P\'\0)k\0GoԒ/*/\0jϪ8iU9/W۫5[ΊQ_ͷխcք$w1T0\0\0U&_cͭZRۮ?j6UZk)Y}\Zim\0J>%\0<ڎn\0?\0KW{ɨ*#cuXn\0moӊ7YտK\0wQ\'O6KS/KKb_\0=\Zm-|߰K!J}+̹[\0?^x-SYOu\'L;#߻b5|%K}-V:}/:k\ZFb+OgћhԕX\0l\0iYaf	ݣ5\0|9mSA|[i|v&,e(^3|	#[Yb=<Oxc^?Z\\^TZiqV*iS_>׈rߨS.\0#\0׾Rr/6͖\0-`gݺ-|?*_\07_⾩a|!֭|C-p=Ƨ`˖#oz\"_7k\0j_|PWo\n+ͱjomVzNOIU{s5mzʋ>?K\0\rUreGZmuo˯iv\0wNrZmUtݘfu|m\0-btkK_6V\08ǳvyoRT&Ov:b\0]Z-[_\0	Ż\\r\0*i1\0NQ_D+K\'ue\0Uq|?ڿ{_Vѿ|{͚W\0vO]>(ӓ>;\0id׼/$_xͻ._yÿ\'2\0jM-쑣y\"ˡ)C`Pҿe֗/ڿݿk\"I#^NxP~8ȯ/|,_h-<lrY*X}I\0_G/\'TݔbL֟yO@#Ǐxw_~r+]io妅?vA#;\'\0g;	G$!u%yO\"$l	0KZ*\n7?MMzŚ,Zj[ ң#}wKq_Pߴ\0ior\0ʿ?g*9&O4~q*i\r{=[~=߉m)*\0>\0|*o>êGkJAu͵Y;8}	ye?<מٟ!|tk_Et?!d\\>\\q8+_GҤ~χⴺ|߰?W]N>~m,x#E>۽~j\Z_<iqZt^p;c~_iqXv-~S4],E]OJ\Z4\Z!T/7\0|5y_3\'E[{V?6@+$?wYz\0jb\0ݻ^1\\-xY$l4\'o8g?XVNIOm>%~	ꟽ}OVQWӡ;W7_ҿK\0;;_HZioxLwx_3Ʒ_\0b~A]֎ϹbF[>_1;[Xu/y2\0ݯMTyؿ\0tCeQK\n=7Oŉ|=Eau_5M.].Z7\0_;_bM\03q_3eu^+G?h>ʙMyQ\\꣫vÿgO2u\0C_\0jH~/ߖ!|c\0k?}KUm%\'$S[gjt!EG;LM\nITS|ߩ,i\"]?^?u`{\n\n;u\0>EY^ญ8ۗ\r\0|~.uˮi-# 5_>\0/%Xx×^[w[oIGݛ(et.;%r[mqqsչS\0>uyΝe,oG}׊4wگ_7)Nph$ڭe׼\0HM¸`B*r/o>g<-ySON2_eL_j͊o9*{kO+\0:/:}\0Z\0υ~~/W<t\\֩\09?et\"Wto_ޯZ̛ku\0]/\0k\Zq@\0_J_/<_e\0n>\'x^K(=.)\0jP𽧛-\Z_Vӿ/*4Gw3}\0I]\0<%w\04Ko~_Jn+^o!2y\0A7vP\0\0&\0!8mͧZkT_TRjT_\0=k\0O6Y|a/I~_/TK#\0{8K\0#|->\0dіVyPꈿ;S?츼ֶ?Imy\'Ku\r}A[˽J55Vf$N2RV~ vꦊ\0\\x\0笾Tl~gkkkcyԛl/*{| ע~LgR)wpg.ekQJSk\0_z2cye#g|ֲ[~w_b\0b9џojVOGp1_i~q]Zog/T_ν;I_W|oOO17~tj\0I	+~OZCuu8}{$wWe+6G?cMn\0{kuoJ񛦗_b7_?ۯ2U1K#ZxWL\0{!%+\0	M4Cǁ|[6[Ηo?WZ_eb\0>5\0U/\0YJX_	kw\0\0ڞ{?(_Q6\00k<rD^לǭd~Q|\0\'&ʼ4-?us\0ǊT\'E?%b0%\0o/D57vV\Z̰\0?\0ꢋ^\0{koj\0O?>2u\0K\0~?jl[Z7\0͘W+\0zyφok5#~(\0^䑻82xIE~\0Գ<yz_ZIZ˟}-U\'3K{Ol^k exrKoK{\0#Jo\Z[&ݢ+>Ws\\O\0#Cr֎+C|]kuh\\_\0whVIszn\0\nK\0ʰP\Z=Ʋ`\0:~]}ʗKo7n1*|v>QQK(\0k7T|\0Oʴ\'yZ>\0/ʗþ_z.z_\0Kl	x{bMkX|bb,N2\"rZ9)R;u<̗걯]=\Z>b𽭬QREEiEK?/Z\r\0e{c0y׬~\'vW	a\0\0qc#UtSw^k./-?+7i,<\0k~|7Zͳ[ߺ\0VL:ƍi.~>ODg,4/ԋ\0Ȏ=sleFRe2kZ=boIvUoVZsfZ{c*Q_-|㲩^K\0<e\0jҳF]͛{K񷄿\09-\0ץR)i\n0K/<㖕߀ۯyV~vEA|?\Z+[=zs<I_,UB60WPcgÝfA>ZUI ~v~75\0n9GO)p圻@P)y\n_gS(4۲}?NX5	&.{3(~(x4^~u,W	l1-v m?k>7u/T\0KmaIpGw(\Z߃?Ɵw:-֍?]ZDokh1?6*6a#O?WǏ	x^]/VD+81a.ݰۚk>)J\\xz9\0.m`ͮwu+\0g;#~PAӽw>~?.\0PA{Մ\0:q׳W\0p|yZl|/z[?}=?f\0\'yK)Yg<|1F3Ltu^ZGKECSz\0Ggo\0ea$QK8mȯ?d_^+_+O]C	g_k?ݥqӨs^ᖗz=1*,N2O5yl>&Qtͪc&yψ4_n%y>\0-b}+\ZJ򮢋Fx?W/_+9_5RT)%ZgF(Ӳ\06sZ\0eeXzI+m+E֩ck\0=?%1g6y~jo;_6|\0,7\"k\0(=SşV._	[O	:rIc(ߔfTYrMZZ=Q\\#`sQ	rUj-Y\'\\<;KI/Ku/v6.o6\0V/^d_+A]LTeg+I/\0?\\ιuSΖ/˺7O˩m5O7?._Ԯ_tJ	h.*t{JsjP2ʹTGӥsZfusvM/a\0/#y_P~u}\02([Ƕk4t{>{<Y,E7Zys\0uLk⨭.m\\אcV\0Eí/ڢ\0eY5(ٟ/J3SZ~\0#/o]ExOZI.x\ZVB.IHHk5ZT/{[&y$?όlaƿ-ƫuuik,_X7>-/C}_ig0$QwcQkµj\nd\Zg׈\\_QRIvkVQ\rMuG-\0Bym-|آ~/V_/gS^Eu	nX}&;K_KU/&Yi	6MEb٥+|+Կe\0\0S<M-^m-|M܏&*W\"c/VD~TQ]K}\0\0Yk˫O+%w^Ot.%/?tՊʖʇZs4uf:Կe_o7۱ͻb^TVT1}\0\0^2\0U\0|Rh}\0\\Z[Bu8;\\̿>l?碶m;Ohm^j߉$giw\0k\0\0{~zɳ^28	9Gneu3:y%xw㔿me𖳠~R[gR{=RTe_\rh[1})a--TM\0[E/ͳZ*X)K{+/R[\\?I\0Kuy^w(+K_6[_7\0۩&&\0Ej.dWt/W]WK\0E͗#++y\0\0U^Pbʋ\0gNȵ!Wڼ韷Xעbf~qE;sVx?y_]N2gGEwkQMQGK_\0L(_:}zx>/>erI&?嬲}i_\0,\0)y_j/iSm\'uiҧ_-.ڐбu/a\0z-e\0:·>}\0:7z^UQy_\0PرjO?6q_y犫eR+>Mڿu^l#w2bOX}V|?7Wߵ/xs7tk\02kUEp99yk>?e/o^oK%Zk]Z\0H.v({S*G\rjkt+F<;mG5O>#TAuu%+18\n@{W/_jUOA37ڧڴz)\0̚쯾XYI/_~K(zγ-ZfSYK,-K\0x\'Ҿ\0|׼YAE+.\r33Zʵ\0\0/,k+qUʍIB\\Bs^\0T#e\'^|d0=\0\nIԣE\0YU+7K\\TQyW?sk͟Qf5W٨\'Jn5-|Aaiku\0L\0*+[Ru3t[Xu/O5Ɨkiu_l^ߍy\\Ћ5U_+ʋ\0V\Z䶟cTu+o\0y*b6\0U\0|Gǿ5/[ZcXݗ\r}a\nEWeV\0m׾t#ڼoڞ4jֿYڲ6JˑPǎTIiIY	O]F)uruݟX|5kֱxWy4sjRyZu\08ډ6A9Cm=-M܇IwFT:<_z_A?7W^`dV)oi$_.8{`23\'x9EՆȴo3sj-\r\"Tg\0BS8.H{l	O.\\0QP[nt*e\0S1V(W=8Ҿm?ടq]oMs[{mohk|nٵO?N-$ڤ;xАMq6ʵ/p.׻q5#W^\0;/{^}~=_\\	\0כx6+[\rB}>1-/FҺD]#\0zk߄\0O\0|=/sC.,Jx		+=y\"oYz#T+J7\0[ǬLs~ߞ2\rJooWߟfV\n\nM\Z63H92xSAZ4Mq\0եͷeFq\Zr4)>T[v3BUdk|=V%z͆w>XKHeͮ_?~w*+\0=Xy.}VbוQMuۇUSK;:lfaʪ(ھ\0$;Pֳik\0ox\0Fku\0\Ze&=;.Mo`wR6ڍꍼuR\0ʯ\'ֹJU)4	gu?.(˻n{0\0EŒG?n\0آ>_Vhyo{ig=y׻:s-lR&8|gx+82b)-u[4>Izv{tCi\\_<i:O-?HkZ#\0dSG\0~֌.5uW[[Ckx5Ib\0vy\0_?{,\0\0ͦGpL[i#_.9uy[\"]n\0ol\0\0IU,k]}O+\0,xb\0[X?~a۔n|eTkA\0n/T)v,A&v̀ns<}!J/xK\0S[r3~Rx?dMj5iun_/oϔnNTW:Wծk><if)_ڜ<ӧR-VJM_%>\0wkߊ\Z_/UWSڑ6߿꼎k~j\0\0{ˍ.[K*(\0h֜yUKsNKu\'+ރ2Z[\0\rC5d]~Ρ>QE.a/ڟ.+I\'~\0jH\0G\0gh┴(5&u/i~(\0rY|\0rD75q;R7Y\0ȮVY\0,R\0>(xJe\ZD\0QB50\r_(mbVE\0	v\0wҳVl^O\0_v-{Ηkzim\0#QlqLJ17Fjkɾ\0_*\0֬)nW\0Vx춱}A\0-Gj?ᨵKxKSliݸ|Z_)B\rjz0-{\0m蟺Y|^߇>o/~\0oտiwn\0/җ^b,k/4Xf\0UOik_qֽ\Z7OE-\0H\0Va}SF^T`m1-M|T\'2?`]ߛ[\"$~\0uXu~ezF\'/_>.Ѧ_\0~Ͱ/Y~RժB1%\0n,O\0oգˡov/;uCQ/~b^\'??j~*i~tq$}ݲsL|8_cg~c~&:ݗ\ZG\'7hJ?rpEwu~\0d^o+Z:ͧfo1y|/*F\r֓u eTRptkS͌eϱ>u,Q~lO/mA.e~?kj~Xmbbǿq]E,?y?a+fUAxn\"\"\0WO/Wc/G/4n\"E\0=$qk6)biɨd*/6X\0{\0SL_`\'\0묺jQѴ/{w6-neeZ}e^\",VToݟSҴ+QϽ\0}\nsxV[_~Gd\0^wxB\0yQ]Z\'~v(N/+|./Z;_~Y\\/+n\0Y{wⳌf!2]y^TRͳ?M/&/&/o._\0U;?|+ʋ|\0\\\0(Rarr擤\0J\'\0Qi6M*iv\0K_+V5|:uO\0k4j:Qy1\'~4?k_>KwKߧn\0\0\0q\Z\n]z[K6+[{inyֶN~:{4nZ\'_\0I\0<$I?ʪ+f/ڢXe}+WAhKn`]-/ݟd=w`灎K߽b_}۽6ñ).qؾkc\nh˞ia/v\Z7G/=j֝ahjm~Ӽ78$_l<*R\0j\"Ws\\F%|vS[i~Y7?X~0[Mz_+7qop.c^.XyW>\rGWKi7O\0FMxۀ t>u3-uOXZ\"͉翍|F\0b_I\0\0]z7YSKi/;zy\0˒\'A[?!/Il~NSP#~\rK}ud\ZU02q|\0Anץ+\0>\\+EH :vF8Zχ\0OuM|kX#|o+V%^W\0>]\0«Kumiv{okibׯlO{$lNNOSׯa_V|-iwKIR97?*0^=|{[_yVomb[[iei瑼+4!:nI<ҔkRt殻}[?\0K[KNNqֲ-ؿ}\0]>o\0U}m|ǟQk\Z]\0	I>iD1 YR\0 g<_3\0ge\0E=|Щ_dXZ/T[y	52dl4~K\0vbC~D~^Nm?l}/7iV}Ga[?+ſ\0~1x{l-|u&FRnc㼃;ɓɯm|˩b-?T2Ē;͟(\'nŧtx6]A{2KX?ڡpHxe627`3d8|ELO5ߵ{qcc5^uĶu5Yit][qk\r.)#够s\0Vi>oO}9EYn~^Uj^^vI_z\0Jke\0|z_k\0W,WkofGO\'Yx:ׅ4/Y\0]Oh[ǟvX?Yu_v~\07~j̺,j>nWa\rSOh<aIQF3l\n~FaeA	<Yuhߍ<g5)xεYU}Yo_ƋiwV>TEԓǺ\'W\0WsG5Y\r\0eѵ\ZO)**Õ An3u)m\'rKkχۿDYW)8\Z*֦Mk.xJRJo~VrJhkg\0mB<6Xhڷ߅EXN8<v8+k][A<|S\0\\3_?2/ڙtoc\0<g7`GPx~|5k	|:w\0wq9jqV<Wl}ٶYp5|{gN/RpW6bTbyz[_*/`\0E_\0?EguDXNE/\0nz\Z&\0CY-/}}\0iSk_Vh\0E$DTWRb2/\0>O.9&_Ͽtj^I7}=?\Z%\0Y:]ni>RǠib>E\0OlS./|ټ;\0UԾlK\0.^Un}QCIY8/~bzFhkX]eW~Ty}ͷs2z\\uu,CbG笽j;_kI6~]*g~/7ɋ^\0ڢ\0R{G{K~C$o\0=*得Lq#\\K_md-&/*/;[{Vդ--w}ʰj+_7l.SCy)l#$,{#ݻ֞_W\0RkCHg\0m|n\0+jnuSoXO	x7TW]e=zgھroK_6OjZyO~ʗ\0\"mңGY}}1\0\re־\"\0v\0QC~\nCuj_;_Ҿqne\0[\0}kCMQEUjYYFU{Hş\0.Ҽ%=/?q;\0x\0ݽq[6?aAT\0qsq_#G(s\0<U[;Iky}\0W_)\0oȧP\0]h:;SBc<Gns:U6GKK/5:ڢ\0Jn\0/TjֵH\0X\\7f8=:P)oBO\"UKx}8*\0ׄ亇tH._XZc\0^m\0^|\'>t\\OtM+/Mi`%˝/SuO8>V~of/+zX:S+&9m-̏w^g\0JA\0MOqPRi7^UփΒi)s/gjѩ/hom-uHWn__W_Zh\"hխbTUR/u?SQ:uOz԰,<ǮLpxv\n/ї\Z4_=WXYb\0}F*ee|)>x\0w_zM?e]Z&?\0֝ك\0񶩣Ct\0rF]\0CZf_ë\0o93\'ɕ?cDee\03_I_~^+Fm66\0{n`Z5\0mCΡ7#o\0/zX͒OѧտxYCy_\ZS\"ͺ[w?͍¾\0^<:\0FS\0	=o\'[?[XNsX<,5K[95k[KY|/=8^]/|~y?|[s_DkCH=^=?J?d\0>~DVm/~,.)=iz3?cQ-bFk˯Q_[\0OZ<n\0mғ<=sX\'`#\ZԮ\0?\0{ҦŠo-o-?\'7\076c5KKgH7;Nxx^+R_*_:WY<ͻ\'5~]\0Q}&6.m1ֽYcc%֩|j??xT.yE2\ryZWzGv5~\0M,51]Mx_uԂ=*[5ZʵQ\'#*F✮:\0#O>-OKoٟsNWZכkk7񼑴_?Q^kRx:9aki)YBVN~!宍kx^PuNRVct123E:uh2kI\0>+O.]H!}Qρ?|/./x_~{ȐE]7^tGJ\ZcǕ[r~I*pvwOj(W5|>};^}ՠXܔt#h\'Ɣl㇃M\0O%T	]{Z/uy-̷W*?I;ˁΎ\'Ay?<iόz]ֽkKXOifAU9~QǏ/u5M6պͧ`\0ly`t<{V\Z_i7Yx	gx\0Z~2OAѩo\'2KܪnzwI~uuHolHOx(WZk]ڢ>2\'~~~՟>!xYѵ\0[٬[Rs\"OZeX\0W`x>?{7\'huy-<zɟC~~7jXk\r/Hv42\0mG>WQJ}v=JqPVFǂUw˓auÏ\0Zo_kj\0bO;\ru9\"!/}g\0ni-b\0aӰ}s1ץxAUsKHV܇I=bv>l=E|@.K|E\0mzS]}f;9b(˦mOZwEkՇIUIّu~yMw\n<5|Wr\0>\0>s^$?I6ֲTKsȖYVHed2?`Q|fTOOjf)dlr:m`=+\0˫ks\055}ץRjS9՟(cT𽯈uH,.ö{\'5o<޵-?ҿ{[89\0\\۷^7iخ\r=\Z(Ŭa\0kA\\_je\\7ȯs,W{XRrUMklm{?\021\0<-\0CZQE~<3v9\'!\0?uvXQ6bR\0M#RCkڢ\0w;}jӷ^[ky?oj9:/RZyꢛ]oZ]l\0g._jYo^my2\03n?zzӕjR=6_b(5\0߭O2Z)]ͺFbryok\0?K[b~gʟ`y_>t\0j&_ڢe\0?EiEY?/C҈\'KYkߵKk\0,I\0ڔq]$\0?7W6ZyqǯQY0͊[Ē?6}Irx{6oq\0\0X_EkuK{8LڞW_[6~mլ_?ܾ\\\\mvJz6X6\"?\0rzӬ[[)/X4X3aFsU9Yi/|_7Y\0/O_M/>ֵ4:KͿ̂i>\0#l\0iȢeK_b#!+M>Wc>*EhuuYe=/n7Sm\"I޻[]eۿ˷{Ҍ{EB-Xk_7N;cjK;Ynmd\0g~Lzy;7F<օׄe/eO/gxΧVɶ:^/|X|ZIm.u->\0f_̿q>oZ|nƈħT..{uk?.ƬkZVݳȁU׊)<=\\?_7dA};Mةk}_EGvOʤ+]XK\'?\nK*/_\0ZMh?Q:XYsE/6(۷Ïjծ,^oH۾ƞk]yWREc\rߛ(\0}YQdRGuXam=[Q2\0_eN\0ۃWw^W,>E,UFmRҿ=>y\"[؟_?y\'̋GiuZ#r|zcokk,Ff=}Jg\'nb\0]Mo*=F:f0uI&-7nXeG|GZrǛQj]G/?vjMV;6Yn\'88^ڪFNfL4_czqCj\\	\0\0_?O\n[G\0eѧܻ)W+k&\0U~ɳgLxWY?P\0w5}8xQ%i\Z>\0|J[YuH焚R~jF8=3ZO\0,Ѯˬ\'Ry@kqל^$֬<k-דIke#\0/#}+{FcT^\'<Dܞ8Ǳ~Ujdoｗv攴=</[_Ú^jGGqV̛pOpx~ll.ku/uu\'FN}:J<E}Z~T}o\0h럝3N_\Z[7`\0O_@@8R%$V:w%߇nyx\0z9>;\\;Np98|ZGHn5Y4O:gz}G\05Zna)׶>5sW^uOMgdz=?_|/k;z>$8z`ǚK2\0Khx_S>ZKxʽGlw!itS(~ j\Z,_[[s)󕺃s^$.?a/|B\0A޳\'{oqnܞ0y¿B>\0EuMOB{d\0e\0S͊X?lǁkenu_\0]Eaţֻvx7ĺ+Z\0jw</]ÿ^׮5>2\Z֠X?#G0](mz2TeO	/ok74Z!<O|B8\"U\0hKYK-⦄lba$+Db3%M&^g훡%Z|P\0S__~=k\Z?{GP[k:7O՗md+>%)88 ExW3ܯ1&\0i|Q3f	>`W^|;8dcGy XlѲw>8\\ԟ_(?|,KMko[zGl<9wS~-x㱺y#H_^}E~+\n-GYoBXZy_e?<1؅ `x9JӔE߽Ϭ`燃QϷd|^o|aukC<727y5ݖuZe/7g#m@rIQ_SA\0z]|5E\Z컴<,|+-TK	l~|CJןJ#PFUi;8.Xx*ܰRiCoek\0\0[J\0x?^K\'ڵbl{{ת|IZd\\o>xy_ֹrԓzn]lPu%Z$֗ݾCe_%v\Z<qxʗVC{יuiYloֽȽO;o3D\"?>Fo_կ	Y+_XyvyKsI*sɯ?n/Y$g+\0d\0E8x-z\0T(Z;\'ԟJ/8v^\';;\rU_3O>g6g_7ofin5/,>o߷ӷҾ\",uI>*xQx<d`|`#~	timuO/׃Ok7bSQ_:\0GmZ)e\04<Iߛ,N8\r}%yiERTX ڻt	U;٧IoxT<~ln\0*T\0o_Iz.\Z_+_R|.WOl\nχ\\qo\0k~7~~W_{>t\0tfuݷ?.q«>t.4)_Y>M?nYu-u44\0e7iv9Ͼ<\0[_\'%fE<׽k_T{>n/	Xͽv:Av<j|e\0\r]KaFA&WRRV˔hZO0|\0⻩nobo<gmžrzv?|xv#L}v9q>(>(xa\0\0I\\#P׮S\Z$oOS\'{POI~FrZE^ֽ_K>EُaZ~<\0H6>`z>$\rRýcwOנVO/6>\0\n>_|-x#WW(GXAVvUHsߴ\'*uOy}|cھs;*e_$7+^/toϗw4$N1\0W%/v)|2\n\r	h4h\0-Uߟ\\ ±]\0^˵xIV\r{\nyo,.\0yg\Z_eC_=OЊ?kNkz$$(㫵,kK\0?&F\Zů|_vn̓V˖_7n?隭-b\0U;H&o,`Z$rFam_\'w#VOb<{ΓM\0E{u57ǵ|\\uחߟy>fF=Z^Hnucߥ9)n|H2/NIU_2z.:ZvwZN9F-n\0uo!]5}E_+v:^yKH-bLsf&\0J+aty7c1}rSX֭k,^WzmWz\0ih\'~l9?TzfX_lwν5{店xTx=ꔴ\'GBOZ݉e;>G?zך\0eK%7͆+KZu4)QiW_jʦ?rpf>fg{UYb5:TuSR͇s;\0>Tg|n:JؽsMԾuu]Xy;[x]CkuPʟ۾_z~ɷצG8VwEZ˽X\"5՘r*+_M[Y|4y?:˨Eiu,Qy^N1o&^Tk편+ʭd-ƟuK\0Wٳދ%|ء\']0Nò_o3& qU?7_~gTeh3p9Tޑ.4ވk/6XNҺM/M$qiwP\Z|lClaO5_x{Zνk>kZ\0o\0=ҳ(|r\0_bw/N86O\0#2^]__yoZu-Բ\0ʐy==\0x+7͖/\0I6O}@h?|buog\0u><oK\0$$=~gj\n\\:?W\0ebm#r\"EV^U4,Ez :tMuh:}E+7[*ǭY֗^#ıڿT7G\0zCV<]+?s_r\ru?Ⱦ-W.d͉>n\'/[_^WszKI??޳sKpnul4{\Zoɾ)?뜇8\0uJ$xWY\0T~g\0tOz\0*4=jK+X>־Wڮ>W|?j>au,SE\0\Z\0t~Mh7vi~(ѥ/oeH:dd)|4^lkIկ<~uFnq8N2cd}{%o­g^wZ\0huB:ף~k.WAsn\0j-|\0ŸiVZ5.\"Tv0xc~5khoo\"ONԣoRhƵ.Y?\r],%?n\0K3̍kt>rx!pᗎT\0jGgX>׾xmu{RQ|Ȝ\ZDRϝ_{ouiu,WQ;F${Y <ڱQRI/W/|K8s\0XpUHe$f(\0[#\'Ҿ?{?iu^~\0_.闗IX\0?\Z<Y-2o˥QKk\r>I}a^>a6\0Tռo{ڮ[{x#gHHϔd\0<qaHM9ۿ)}cMY.fqGMSCTm9 ?SdI	#x,;_:WzԗlzΏAj<&Z\r֗/#Wx-2bn2U`[񗄴ͱ\n\\oiϟFǥ|a*jV몷Va\0z~з\0\0ԿeMh1j\ZodF4#\"\0sцu\r=SL3raqZN5:yeCs?\0߹6\0ʴ-_$[T\Z΢rG_+]$~Yu~[JD\0OF+~|9<oCkk\ryj揮6C8E}{g\0{Kf⇀1K>t<QJۑJ\ZҝKncR70ܞ🃿|eKm4A@%U{`}%h6_uMgCnOB::A9\Z\0[_\0]f;Og;߹ 7h)85\n]k\0<k\0xOmjY(N2)א\nj<)GߝGjZOaXyr	mS<w2+:<Gi\0^O$5o;՞k:^O+_fzWM\0]Yje<9;\0VO^*LI/v\0ci:/fAY\0{~FFy#\n*մ6(\0>o=GA_kh\0R	\0^uѻܫ+X+F~7]լ	u\r>\0}\"m]r0GLVV5f{O>1<Q\0<>#U.[+A}}?nZ_fw3T~!Śƃ\rԟ;pVrڰ\0[G>Du˯V/[nUdn>/6f5ۯ>z\nBx\0į\rG$enp	4\0\"\0 \ZJ\0zoU8遚Eq,\Z\00υ.Ⱦ,^lyOTa>ҙo{Xu<+\0!(izTZKBoW\0k5o\'M\'W?圉S꯲	[[\'^Toս*uwKQCi#o=O jMs7燮ՠj́g01XVnⵖy n=#׵sJXy5ꙓ8I3˖_y;\0土*uؾ޵#}Xeb\\o~kcKOk$}w8PxS]izO?SO:gj\\\n܏GYGZE\'_ͱ|\0.*ֱEik;H&.?ƾ\0f֚\\\Z|߲M*O.-PyoyG\ZyI60;NYly+_Έ_3{[˭&*u.뻎>\"խ|آ\0hx۲Nz:of&	f5~Wު[__Nƃ.RB54Gwh]EOu_\'tNwuW\Z=ݬU\"ImR9\0׷߷MRYtɱW1cW\nYh1웕\\m0}:k}E\ZTVy-_ʱ/ԩr11ӭWx.ލ\0qo7ܞ^\'[a,<v*?1\n	~^]z+XvI\Z$vϧ8IPSke|T?ed$ۿLu;kukοO3[nvێ\\g?k!ZǝOR\'1WTֳN[뫩Ow>zU0Kd72עto<O9s	8+CZ<ewuk>\re-YY`NXb.nC/j6nx[{KYn=9<uYl,W\0ڊ5(-Bh?Vu K6԰/(9\"\r{^n/kGR0=x.Z~TZ]Kg]=8ZI\0[k/S\0ux<\0o(o>M+(ھ/k0˺Gx4ح|\"ѿ?QWA|mbÞ(&?It!}͖Y\03g\0\\ֵ,t8bXm<|k݀GӧQq|OkK=kO6]/ڮ\0y%yHp	qzd?5KY>_I~ROaz`5	4e+Yf\0VnXwsߥc\Ze/\0A#ry=Vڕʽ#4E}5~Z|Ct^6T`}9sl\0k Fɕ\0KDN9`1O;JE\0</YecFñG_3\0	f߮y-A\0]7$U)}w».\03~!\0k\0[-yb<E-W\'<ZTݒ:{O*w|Wk[\0F=EQ>k\0yYe\0}+N|kc1k9]kE]-/gA vr{\'^,^a-Ma⺌t\'9+-~,Rw7ֿuԲkbI\'܏ڿD1UkCs\rNNjON݊7\0__Ұ&\0匹/wQE,ҺƉǀ\0I\'\0kԳLM~.\'WzV	ҡA\'{_ƾ\Z^G/}P4$M9@ڇ /7\0->˟GuXWv+\r凤ףnS#)t_ȭ.-ne_4oWR\0\0Ji}/\0g^O%v= RW[wF\\ڽgU6is?ȷ^˘F>`ޕݎ:ﵟߣZO<wb:7ĺ7=SSXN\Z-k\0,q 0H`pFEm+C/&bE>X<Ga\'>\ry2PF\0/ϋWZR\\5k.6~G2Tv,1*vk᧏wE}oDHd>½cK9tOys]Z$: $zqfz5+][|jR8=T^no\"x,b]?)5cRU_]ëq\0	#MxI/XK4O\'nT`g#9K&yjvo!8ZMjZVo~ 68Fg}>X<WFhsDA g\ZXR/[;_#oKp$+DvZ,^WNFHJpNv3>OWqZږaw߲,?sف=}\0l%ߕ\0~sSOVe?}$]cGn;hKV\'<A{z;]SDFI?M}9.n&(j^,Dk	t@}!z~d\'>/ݤ_я\'זvEɷg,p:^YVUӪ\0M\rpgM൮>˺[i\0	KO}T\0[\\\0!|\0Tv\0y/Įb$BFX<	?oZGI{;%gSLs.2\0zkkGc}#K\0$Z>ܒ%Z7u_\0e52}o=}\\gEzK_h?jʖm1W:\0]-H/G4rĭ{^(TE_u{NMחl+g\0<ykZT9&\0dyV-䖓~X#k\07?`6<\0~Mme7<6/ESVz[{#?gJ\r{%Ϥ+X|Mmu/<Y7\"6l9{R7\0t}4^I\0W4r<~Ill`Ox7XZo\noxP|%v;}[D\0wVWb\0Uۻ}Ǯj׍~(z5֏y$ܳ#;z⛯i\0e(T;<Wp޹ҹ*FK(Ԧ*EHֶQEuauI$7z<U-ukeOm]JKn|7>oӠY\0]E,3F&F#׵e.fgf:[_+W_H|ujR^ʊ_#˝ՑqqRjY/7\0ý}ឝc5r\\rmyoL#Q-A񿇭b[݉u֟\0tXn-I~5fO<OJk7wq_kPNq#U&\0k-U,5F)}l~ڲgպVikhĿٳ<f+ީ\0sT\0|,,`ۓdQLV}/^v1\0^Qt[62}s@TZKkck/<\0JsgՋό_-.)nk.ɳ;xo׭|Y-כG&AߞW#^u?۳v\'bYWeꑤs	#vWsgy[d~856/meQd\0gݝ{Ոm~4]<]遊m卅կ,\0xOC~85kӌ|?ΑB}{s>׵+._+ʖG;mgWz\\^U\0\0	#mӨdbEkK2|\0~S8SFkxK\0[S|\"G\'|bzT(\0R/#^\"^QyR}W̏~JI_+͵vzuf)VFݾ-_۾bEԷQK,;9egzӯ5Ӯ\0#nO$ӁU^X>Y/j#g͎Us+&eV\\_eնO${bknPb\0ۏ/ǯ\\ARIZ݈7-i;ϥWv}/&lOo1(7F~]ZZT9$OLsߌT^6_Z5c8qǙk_^lm\0vx`>}~/l|cHlP`>sY/@coA\0ua I#QK~oE$W1<Ȭ%\0JeUWQm\0.9!zz_K5\"z|\0<uШ5%_`E\0W\"^{~\\T3yuP\0<co;9_Z0x]ۊ/<\0rj5h⺿/\0r˴p=G<e=.e,_`+{\0t1ҫk\ZׇK,1nm>^ʪjֱZwqӮ*K[sd\'>eܘQ\'ק8Mᧈ\ZQM#ɾ4x\0VDy_~?/mixQZj,q}3|lK/WΦG}\rTE%~%|NkļeBSK-QE?w:Gh\0xrI+Xx\0$z\0	~e_%ZviJCuPgPFz{\\9ͫc3$}w<?\r[BXh6y/n\0`^~gSyaWx	_~2%wq@9q}u\0gKѾ	w#EbDAxc68~~{RKt	V!Jz3`fTqxX~׭\0Csn.v_שiO\0O5M._	C\r4=]\"w@:WY[x&^\r\05m@H\0-q@c\'*Mֵ[Xo{Cխ~akݬqnrrkbTԜ=oGQVso턟Eu6$vAg@;N~~N;koo̵[w\rsn`JE,~Zܾ7ѭ<t\0;)ｴp\\r~nk\0lruk\0ϭzUť\'msxzxw\'}AF~בiR_|z?E]\0O.6f|\\w\0\Zo7i.x\\mc-|xE5wKp\0Jo826X\0ѥ^N~q7R۩p\07^T\0\0$}iO\0L)|2kQZxxp;u`C1oS_2x^IԲsݳ08\Z>&̋Z]ŭݬRCtEV 5UkK\rg/ź4	HȘ.@$9=+$\0D\0?˭uOnMz\"\'_p89<ϥ\0g^׊5ҍ.7ٿⓑ\'b񼺶\0	1_|\0P1_1|)\'$?eѿQB$_#D&^8JIҽOojϢhRyZmWw|Gu^EiV:0r]٦ZPD{zZQ}wyzrW8=FHǿZ#neɇb\06_H\\\0kσwZ6dʲrJgrYx\0iw\0hioǟNr:9,C,2ssZKGٛ\Zi-}lo<6ݻq\'8=2\rUxL[$08iͭ},Lk687^QVKKZ]]yQ}oy up\'#xW<9=M>iؾ-\Z}ݻy<;zmw^l|}z~*IiyWW=VQ}cy}7B:g*ndl2ymR\0#${bWϙsT.[K_j?߿n~fc?Cm\0?R^doLxpsUksTW~UQyq\'H\0Ϸל|HYmuG?$o*}\0- }\n}_8ZWHe1Ջsc_o͊/IygfAѾl1ޫqznC>7V:nIcQݷ1Q\\%1nͰckdsZ|$>q\0(T_qcTOs5JIRQ~yu9ױN^M՚JtD׿dO6]jFxYI>V}\'\0Z5	ꖶc\'ͷwO<\nö,m֗--pnTWo%^!ik\0^?&\n19>aRhKzYqUl\ZofO\nϋ^TE\0O<*+O&]XP{A4hw\0pISz?\0?^ZŪKY?b)/iECnuƾ[˷Oo\Z7/PLGw+N]{_jOcJ֫݀,Lο\0kK[Xo▾/--Mk1Tj$>|6k]y|emjM\0,y3_M|dk{__^jz?_^;H:ak\Z?W߅烑JMj?Ͳ}ogWn&\0U\0\0yۦ3Q^ĮlV?]N9I?8\r\'O͊-/o\n;t5]_]~/+Ou#?Y^:MK/&HOAcM#}Q]]}?GmZ]]&*+X<iO%7R7:PZcԿ-~u,;d^Gא9ֺ,q}_#L;֥/\0o\'\'f\"\rd\0V|{s#В=>//W9k*OKukuS{UEG=Jb_*m+W$ap{=.V~-?vg`:F5RI/2uCJ얱Ku|$k:	ح8|IbT\0pX6~|[}1޵gZ)l\"aز?G \'Qb?nHf?-èiڟ+Iק/9ouǥ6m[K[AWsoQsֵ,<3aEm|]v;rF?]a6#me;[Efgvwc0#$\0,-5믵y6/ꤛNWºƎTi\'euq1|dT:]&+eUvsZ3S+y\0Yb3ds՗[X˺nWxy5\0\nAR}x%w~؎I9=zcZ$h]φ 9{c(P\\ʊ[XIzbAc_eםuMgd<syikQC3|2\0	P=ky|7O-y-ōr2Iz}r;dw{95YiuZNlTnrs6(ΟĊWdz#\'J۱._6;?3|GPj.~VPy,321?\nSI\\\\f5ׇm~Sl_\'mnӮ^k[rcwqӡ8Z][TURu?\"o,#a|\06{S$Iⵗ͏v]y\'\'lm˯mulSl\0Js΃נM[OXE-Կi I_\\5}q*/6XFeYs#Tml~M+p<r}QIN1߮h+ qgVuuQZy:yU3QV\0S]mx8<U϶Ea/ÀI޸OIOEϼ\0/^[A~/Dp(\0^Yu6ϒV\'2>>*ZAjXMlzO\0d<y?y7RG431Nl	*[]f-.>-;%Zq繑\'9R\Z㜷\'<\0\ns)nHV$egN9S<c>{_+KյD\'\0U<۷O>^H =FzX|RbT[_~ceQm{0|J\0xK\rgʋPMA\Z:{>V\0\rwoe[YMJQn巼X[d9GSx74M@ddcU|CFK_o|.\0kܱ&%@xyp>T\0 t\nGZ4~ź$z׍/.k6|yMKT۸n\r$KeR̊p9PPxs|AK?.ۨ\'h<08\rBG\'$E|\ZY/,/no@y=k\'Gao7}t6כk=	Q?>y|*`j4״Vj[7m_!ekkj։?iI~uuy	_~22eRm>*7۟]k$:oB큑RQ8\0	\0/l4,\\|r@W֫>oqBwa߻nV_Ú]/uZ\0_\0[\Z7n\"G\'3;gIϭMoEwu,e\0x#댃N/epiY,;GF\0⼚*UU%)^fƏǝKG|6ݒA$~rr1A;syo&ni˯D<=/ ]ߕ-|ف%w(A!2M	w;?pdgߕ~W6O\Z:IKbzRzv{zۣ.5+|o\0fjN̘\\3?z\nu2u-_O38e=\niYmbbyNF|c9鎆/Bh66pIen\0/R*Nҧ1*Wg%Ӈ>{UW_W=k\0i;\0Ғu/4;rM~~ʿ<9kz4v6m#o޿/#|?׾F\0aS8ʜu?ORu,^W4\0̨cO	YG<+*e~<xcVk?.7Q$8__>+[[~5~4oh1y\0xqm쪣isE\0_y}|>Wڼ9_GѮ ӿz-\0}y>o3N@b\'ֿEv?SOZy7Vxտ􌏋QTcXVy{#~0wFr8zW=x4;NFYpNwv_uF%˖G$mӱ\0?ً^%K-74HsCAq=S(;Wss.a}hZg]dr/\"w?\0:}psVlRiv߰{sOxfV/6[OzI/SoB@ǽ:Zj[\0˻^׿SN{`ߡ܇Tԗʗ3l=Ȫz߲[fHԜ;x_얷Xg:(A#sOOQ~)[ nd1NhťveCkgiG#	 Kc[K\0@[E9s;=VREk4N\'蝾\0=3cµ4ۉnmmb+[A\';RA\0pNA\0srŊ*G<ՅW_)ۦRj^o}mޟ6`(00Gn׈#wsu[bHxmOLp@AZ8Q}>x#eǱGFM^%kj~ZZힽ#_~L={ֽ)uM;{yGZBl\0W:tu[޿|\nqۿ=/웨\0299<<^0463)sCc;\r|2<庋.xd޻_f~\0QjZ|\0һώ/?i.[xuH\0\'lqNk\0TX.\'.#o57,Hj,cW%Go\0}Gi5	;3}-ry\'M{Yu	M}N\0Oʃ1;Z~(/Io~64_\0\Zy^3W++ǣ>֭,utGcjʵv&ݾ`ln*q9<V.K[Y||csЊ#}/ͯ흿޿ޯt6\0Vbo=x$\0{)s9uȳ{>6-ݯ\0_\\In8=u]\'͖/*[vl\r8$v\0֤մ[]E,wm=r\'׏J7?E-m64	c}<MV]uu-w;J\0V,_jʪz7?=q=j[K]5nw>~R{sjZ7K~b\00A{#Z^lEm>w5F?7_e	i=\0YkqEo?~z~lc8ϸHyHQ|#H8Qw\Z.(//[8x^Wa:p;5_E־k,K`GvT\\1׽kxG7<v)6O^rv&ՈFkdf@K8QWP	|9//?r0nvp/kevΐ}vۂ9?Q{Vm*ky$l(#n8jǋlI\Z\0P8\'c5bjCk/>5@\ZǈתZ˪KQ}ѳ-W.mC|ҫzM%u#䴑)#qI9&G3n? ]ֳww\07#8s*/K_\Z/}x#9\'՛i.bs-%g>kJgy3;)QV|WfCZZKլ^RyhN[~sߠ\0\'+\06δ/z@N3bċɆ+3^\0\0!!Fd̎TXbs֦\Z3IY#smo\0~>\'NI9H4;\0]]E/t\0G;3n<T*4}m82W^i$̙͒mա%e0xbĒzӗ[><Suˠ@G/Q[מ6򥺵ɺ	<k\'=r1\\ީy-$B8+r\n{8<qY5lu0ѭbATHGzIs7t4&T(l<{1Qm[vJp\0-ƅa_6?}]ɎyC\0?ɮ\Zx5fS\ZFBl]bW$O5uo<md:\'j%=s5Ň[e;q8<{ qMڼkMᅥ07JF>Qs+ϵ	\Z+YvM8\Zyw[ɿC]&O.w?/V\ZQyo)!<qzYrKi]\0퇉$ѵ;{\\Q/*`㒣zW\0ZfmUjzXZlY#ݱ\"eq`m\0;	\0.u/orϱB[<$\'%5[[mdTF9<ВzYO/i&pq.flNKsּZ?\Zw>\0~|MK\"3Oj ,8#u\'@k?~KB=\06&1яV3.Yrpa9q@:F;@ѫ7^y$ƾˇ.tFZݏW-֗9٧\'!ST[KFH>VO##MZ_?`v!x_^vIy,ǨԮ¸o^qmPwrЫcMo+:.{jS}PmcH d_Yb=Ub_)8]ٟ\r~?|z6k\0S\r\\)\'\0\0;;?+S=|~Y aᏧ>xmn58_ΐlu?ZǷlIcopxgS㧠jrgZ.R澥6_Z]EڣlWaA#<1g	n?׶A\'<<Sιs?=0PE׆<MWҭE4p)e݂FO\\q҈n\n\':uaEi*6U`+1<\0di_jZ]) )۞4컇*Ff+<?_NOmݣ3yzɤcj4.bS\0WǹWhsLl9\'wikuM$p]q؟38M,!LFۉcf\\mgⷴTiy\\݌I#4ʉ\0Cy4j/r($Ql:Mr9\nWMge׿oKawǶ[{9$xa`1_*#X1<>>Ǒޓ}9\'%X@9+50p?eyL,cþ*X~e}WڗTR\0F\0|!(Ɨ\\4M.0WQU@uoƗ*6(#ҾYm<]%U8JqZ\0lhm.yҽS?\0QJ\\FѦßcz\"k/_?Gi_G2mc?է//\0]+}mu,_O-O_yޣ,\"}Fy>v_1޽¾(\"eoPk5S~o_fx\"XCc}[Wy\0\'=+_xwY\rR\0K\"t\'$8h9H#q_K~~3.Z%yюo?\r/~k,HwG\\2]gk¤yy\nЪJ>_#zV-2(%sQx\0T~\0{Y~ʹu:\Z4&o|psa޶<3|ZN3\"B@\'r~&~Wfc:\0On.}}2$pyȦ\\Mu4\"KxpˑnH|\\\\Iqd0Թژ@ tަuYXe)\\!\0yhr]yU)\0x\Ziخ$x}\0q3^2PoobENaU|SȦ[hVeTsOSӽjޡ˥GK\0]ߺO.wtrXI[DXmR+[X/\Z?2eHBx0=jX\"]_n?y5t`AFBGN3[~#mlltbvFb7rGnd;;/]ċ<}q:rKtZ:O(l7eFx$°4Fh~c4rj7V.ջc]BŤK[YF<89#ͭM?jK7i{*#p}3_#x\0aZK&]&a#5\n}Ty\nĺҖy6VDo(2ףp\082O\ZNcghK sQ\'J;?ӱ`3lF$`\0>?_˥Ecto\Z#\"Z7&觷E.вp>s5eqiۏ^|6IӴmm,H0\nd޿Ll\"m5k{\ZYPīɜdF*q	*`K\npjY\\RXYX!{-|M[oVW_<ykBvB,ɕ`	<-ާq\\ I=$߷gr<i\'vpX\'|:WP.0OVKU`eyjӄzW=OeV-\ZgڤQZ3_.䏿 O]Q]E\0nprXLַ=k\Z}ͼoifJC\ZP\\wV\r؎@Do7nAֿ:Qw<{,\0g*(mvy\ng$x8ZԼ7=bزN۔?,t {F$H`p;T~.+1N~1N>vԨKNc'),(7,'INFORMACIÓN SOBRE ESTUDIANTES','Información relacionada con Homologaciones y opciones de Doble Titulación.',NULL),(8,'RELACIÓN PROFESOR-ESTUDIANTE','Sin descripción',NULL),(9,'COMISIÓN DOCENTES','Sin descripción',NULL);
/*!40000 ALTER TABLE `categoria` ENABLE KEYS */;
UNLOCK TABLES;

--
-- Table structure for table `fuente`
--

DROP TABLE IF EXISTS `fuente`;
/*!40101 SET @saved_cs_client     = @@character_set_client */;
/*!40101 SET character_set_client = utf8 */;
CREATE TABLE `fuente` (
  `idFue` int(11) NOT NULL AUTO_INCREMENT,
  `nomFue` varchar(50) NOT NULL,
  PRIMARY KEY (`idFue`)
) ENGINE=InnoDB AUTO_INCREMENT=5 DEFAULT CHARSET=utf8mb4;
/*!40101 SET character_set_client = @saved_cs_client */;

--
-- Dumping data for table `fuente`
--

LOCK TABLES `fuente` WRITE;
/*!40000 ALTER TABLE `fuente` DISABLE KEYS */;
INSERT INTO `fuente` VALUES (2,'BIENESTAR UNIVERSITARIO'),(3,'VICERRECTORÍA GENERAL');
/*!40000 ALTER TABLE `fuente` ENABLE KEYS */;
UNLOCK TABLES;

--
-- Table structure for table `indicador`
--

DROP TABLE IF EXISTS `indicador`;
/*!40101 SET @saved_cs_client     = @@character_set_client */;
/*!40101 SET character_set_client = utf8 */;
CREATE TABLE `indicador` (
  `idInd` int(11) NOT NULL AUTO_INCREMENT,
  `numInd` varchar(11) NOT NULL,
  `nomInd` varchar(400) NOT NULL,
  PRIMARY KEY (`idInd`)
) ENGINE=InnoDB AUTO_INCREMENT=7 DEFAULT CHARSET=utf8mb4;
/*!40101 SET character_set_client = @saved_cs_client */;

--
-- Dumping data for table `indicador`
--

LOCK TABLES `indicador` WRITE;
/*!40000 ALTER TABLE `indicador` DISABLE KEYS */;
INSERT INTO `indicador` VALUES (1,'2.5.8','Número de homologaciones y oportunidades de doble titulación que han adelantado en el programa.'),(4,'2.6.11','Número de  estudiantes que participan de los espacios y estrategias ofrecidos por la universidad (centros de estudio, proyectos de desarrollo empresarial y demás actividades académicas y culturales etc.) que contribuyan a su formación integral.'),(5,'2.7.13','Reconocimientos por su desempeño.');
/*!40000 ALTER TABLE `indicador` ENABLE KEYS */;
UNLOCK TABLES;

--
-- Table structure for table `periodo`
--

DROP TABLE IF EXISTS `periodo`;
/*!40101 SET @saved_cs_client     = @@character_set_client */;
/*!40101 SET character_set_client = utf8 */;
CREATE TABLE `periodo` (
  `idPer` int(11) NOT NULL AUTO_INCREMENT,
  `nomPer` varchar(7) NOT NULL,
  PRIMARY KEY (`idPer`)
) ENGINE=InnoDB AUTO_INCREMENT=15 DEFAULT CHARSET=utf8mb4;
/*!40101 SET character_set_client = @saved_cs_client */;

--
-- Dumping data for table `periodo`
--

LOCK TABLES `periodo` WRITE;
/*!40000 ALTER TABLE `periodo` DISABLE KEYS */;
INSERT INTO `periodo` VALUES (1,'2016-1'),(2,'2016-3'),(3,'2017-1'),(4,'2017-3'),(5,'2018-1'),(6,'2018-3'),(7,'2019-1'),(8,'2019-3'),(9,'2020-1'),(10,'2020-3');
/*!40000 ALTER TABLE `periodo` ENABLE KEYS */;
UNLOCK TABLES;

--
-- Table structure for table `programa`
--

DROP TABLE IF EXISTS `programa`;
/*!40101 SET @saved_cs_client     = @@character_set_client */;
/*!40101 SET character_set_client = utf8 */;
CREATE TABLE `programa` (
  `idProg` int(11) NOT NULL AUTO_INCREMENT,
  `nomProg` varchar(50) NOT NULL,
  PRIMARY KEY (`idProg`)
) ENGINE=InnoDB AUTO_INCREMENT=14 DEFAULT CHARSET=utf8mb4;
/*!40101 SET character_set_client = @saved_cs_client */;

--
-- Dumping data for table `programa`
--

LOCK TABLES `programa` WRITE;
/*!40000 ALTER TABLE `programa` DISABLE KEYS */;
INSERT INTO `programa` VALUES (1,'INGENIERÍA CIVIL'),(2,'INGENIERÍA FÍSICA'),(3,'INGENIERÍA INDUSTRIAL'),(4,'ADMINISTRACIÓN DE SISTEMAS INFORMÁTICOS'),(5,'ARQUITECTURA'),(6,'GESTIÓN CULTURAL Y COMUNICATIVA'),(7,'INGENIERÍA ELECTRÓNICA'),(8,'INGENIERÍA ELÉCTRICA'),(9,'INGENIERÍA QUÍMICA'),(10,'ADMINISTRACIÓN DE EMPRESAS (N)'),(11,'ADMINISTRACIÓN DE EMPRESAS (D)'),(12,'MATEMÁTICAS');
/*!40000 ALTER TABLE `programa` ENABLE KEYS */;
UNLOCK TABLES;

--
-- Table structure for table `reg_per`
--

DROP TABLE IF EXISTS `reg_per`;
/*!40101 SET @saved_cs_client     = @@character_set_client */;
/*!40101 SET character_set_client = utf8 */;
CREATE TABLE `reg_per` (
  `idReg` int(11) NOT NULL,
  `idPer` int(11) NOT NULL,
  PRIMARY KEY (`idReg`,`idPer`),
  KEY `idPer` (`idPer`),
  CONSTRAINT `reg_per_ibfk_1` FOREIGN KEY (`idReg`) REFERENCES `registro` (`idReg`),
  CONSTRAINT `reg_per_ibfk_2` FOREIGN KEY (`idPer`) REFERENCES `periodo` (`idPer`)
) ENGINE=InnoDB DEFAULT CHARSET=utf8mb4;
/*!40101 SET character_set_client = @saved_cs_client */;

--
-- Dumping data for table `reg_per`
--

LOCK TABLES `reg_per` WRITE;
/*!40000 ALTER TABLE `reg_per` DISABLE KEYS */;
/*!40000 ALTER TABLE `reg_per` ENABLE KEYS */;
UNLOCK TABLES;

--
-- Table structure for table `reg_prog`
--

DROP TABLE IF EXISTS `reg_prog`;
/*!40101 SET @saved_cs_client     = @@character_set_client */;
/*!40101 SET character_set_client = utf8 */;
CREATE TABLE `reg_prog` (
  `idReg` int(11) NOT NULL,
  `idProg` int(11) NOT NULL,
  PRIMARY KEY (`idReg`,`idProg`),
  KEY `idProg` (`idProg`),
  CONSTRAINT `reg_prog_ibfk_1` FOREIGN KEY (`idReg`) REFERENCES `registro` (`idReg`),
  CONSTRAINT `reg_prog_ibfk_2` FOREIGN KEY (`idProg`) REFERENCES `programa` (`idProg`)
) ENGINE=InnoDB DEFAULT CHARSET=utf8mb4;
/*!40101 SET character_set_client = @saved_cs_client */;

--
-- Dumping data for table `reg_prog`
--

LOCK TABLES `reg_prog` WRITE;
/*!40000 ALTER TABLE `reg_prog` DISABLE KEYS */;
/*!40000 ALTER TABLE `reg_prog` ENABLE KEYS */;
UNLOCK TABLES;

--
-- Table structure for table `registro`
--

DROP TABLE IF EXISTS `registro`;
/*!40101 SET @saved_cs_client     = @@character_set_client */;
/*!40101 SET character_set_client = utf8 */;
CREATE TABLE `registro` (
  `idReg` int(11) NOT NULL AUTO_INCREMENT,
  `nomReg` varchar(50) NOT NULL,
  `desReg` varchar(400) NOT NULL,
  `linkReg` text NOT NULL,
  `idInd` int(11) NOT NULL,
  `idFue` int(11) NOT NULL,
  PRIMARY KEY (`idReg`),
  KEY `idInd` (`idInd`),
  KEY `idFue` (`idFue`),
  CONSTRAINT `registro_ibfk_1` FOREIGN KEY (`idInd`) REFERENCES `indicador` (`idInd`),
  CONSTRAINT `registro_ibfk_2` FOREIGN KEY (`idFue`) REFERENCES `fuente` (`idFue`)
) ENGINE=InnoDB AUTO_INCREMENT=3 DEFAULT CHARSET=utf8mb4;
/*!40101 SET character_set_client = @saved_cs_client */;

--
-- Dumping data for table `registro`
--

LOCK TABLES `registro` WRITE;
/*!40000 ALTER TABLE `registro` DISABLE KEYS */;
INSERT INTO `registro` VALUES (1,'Guía de Autoevaluación Pregrado','Guía de Autoevaluación Pregrado V2013','https://drive.google.com/file/d/1cK7K_TVZr4LrGEQTyQuDjlotloSyzxDX/view?usp=sharing',1,3),(2,'Becarios','Becarios desde 2018-1 hasta 2019-3 de Administración de Empresas (D)','https://drive.google.com/file/d/1aFmLQxGWS_wwJbszHREWoc1QEIFpmc76/view?usp=sharing',4,2);
/*!40000 ALTER TABLE `registro` ENABLE KEYS */;
UNLOCK TABLES;

--
-- Table structure for table `rol`
--

DROP TABLE IF EXISTS `rol`;
/*!40101 SET @saved_cs_client     = @@character_set_client */;
/*!40101 SET character_set_client = utf8 */;
CREATE TABLE `rol` (
  `idRol` int(11) NOT NULL,
  `nomRol` varchar(15) NOT NULL,
  PRIMARY KEY (`idRol`)
) ENGINE=InnoDB DEFAULT CHARSET=utf8mb4;
/*!40101 SET character_set_client = @saved_cs_client */;

--
-- Dumping data for table `rol`
--

LOCK TABLES `rol` WRITE;
/*!40000 ALTER TABLE `rol` DISABLE KEYS */;
INSERT INTO `rol` VALUES (1,'ADMINISTRADOR'),(2,'EDITOR'),(3,'VISUALIZADOR');
/*!40000 ALTER TABLE `rol` ENABLE KEYS */;
UNLOCK TABLES;

--
-- Table structure for table `tema`
--

DROP TABLE IF EXISTS `tema`;
/*!40101 SET @saved_cs_client     = @@character_set_client */;
/*!40101 SET character_set_client = utf8 */;
CREATE TABLE `tema` (
  `idTem` int(11) NOT NULL AUTO_INCREMENT,
  `nomTem` varchar(50) NOT NULL,
  `desTem` varchar(400) NOT NULL,
  `imaTem` longblob DEFAULT NULL,
  PRIMARY KEY (`idTem`)
) ENGINE=InnoDB AUTO_INCREMENT=8 DEFAULT CHARSET=utf8mb4;
/*!40101 SET character_set_client = @saved_cs_client */;

--
-- Dumping data for table `tema`
--

LOCK TABLES `tema` WRITE;
/*!40000 ALTER TABLE `tema` DISABLE KEYS */;
INSERT INTO `tema` VALUES (1,'HOMOLOGACIONES','Información de homologaciones',NULL),(2,'DOBLE TITULACIÓN','Información de Doble Titulación',NULL),(4,'CULTURA','Sección de Cultura ofrecida por Bienestar Universitario.',NULL),(5,'DEPORTES','Sección de Deportes ofrecida por Bienestar Universitario.',NULL),(6,'ESTUDIANTES AUXILIARES','Vínculo Académico para realización de labores en la universidad.',NULL),(7,'BECARIOS','Estudiantes que brindan monitorias.',NULL);
/*!40000 ALTER TABLE `tema` ENABLE KEYS */;
UNLOCK TABLES;

--
-- Table structure for table `tema_ind`
--

DROP TABLE IF EXISTS `tema_ind`;
/*!40101 SET @saved_cs_client     = @@character_set_client */;
/*!40101 SET character_set_client = utf8 */;
CREATE TABLE `tema_ind` (
  `idTem` int(11) NOT NULL,
  `idInd` int(11) NOT NULL,
  PRIMARY KEY (`idTem`,`idInd`),
  KEY `idInd` (`idInd`),
  CONSTRAINT `tema_ind_ibfk_1` FOREIGN KEY (`idTem`) REFERENCES `tema` (`idTem`),
  CONSTRAINT `tema_ind_ibfk_2` FOREIGN KEY (`idInd`) REFERENCES `indicador` (`idInd`)
) ENGINE=InnoDB DEFAULT CHARSET=utf8mb4;
/*!40101 SET character_set_client = @saved_cs_client */;

--
-- Dumping data for table `tema_ind`
--

LOCK TABLES `tema_ind` WRITE;
/*!40000 ALTER TABLE `tema_ind` DISABLE KEYS */;
INSERT INTO `tema_ind` VALUES (1,1),(2,1),(4,4),(5,4),(6,4),(6,5),(7,4),(7,5);
/*!40000 ALTER TABLE `tema_ind` ENABLE KEYS */;
UNLOCK TABLES;

--
-- Table structure for table `usuario`
--

DROP TABLE IF EXISTS `usuario`;
/*!40101 SET @saved_cs_client     = @@character_set_client */;
/*!40101 SET character_set_client = utf8 */;
CREATE TABLE `usuario` (
  `idUsu` int(11) NOT NULL AUTO_INCREMENT,
  `usuUsu` varchar(15) NOT NULL,
  `nomUsu` varchar(80) NOT NULL,
  `passUsu` varchar(30) NOT NULL,
  `rolUsu` int(11) NOT NULL,
  PRIMARY KEY (`idUsu`),
  KEY `rolUsu` (`rolUsu`),
  CONSTRAINT `usuario_ibfk_1` FOREIGN KEY (`rolUsu`) REFERENCES `rol` (`idRol`)
) ENGINE=InnoDB AUTO_INCREMENT=6 DEFAULT CHARSET=utf8mb4;
/*!40101 SET character_set_client = @saved_cs_client */;

--
-- Dumping data for table `usuario`
--

LOCK TABLES `usuario` WRITE;
/*!40000 ALTER TABLE `usuario` DISABLE KEYS */;
INSERT INTO `usuario` VALUES (1,'judsanchezga','JULIÁN DAVID SÁNCHEZ GALLEGO','916062',1),(3,'editor','SEÑOR USUARIO EDITOR','987654',2),(4,'visualizador','SEÑOR USUARIO VISUALIZADOR','2',3);
/*!40000 ALTER TABLE `usuario` ENABLE KEYS */;
UNLOCK TABLES;
/*!40103 SET TIME_ZONE=@OLD_TIME_ZONE */;

/*!40101 SET SQL_MODE=@OLD_SQL_MODE */;
/*!40014 SET FOREIGN_KEY_CHECKS=@OLD_FOREIGN_KEY_CHECKS */;
/*!40014 SET UNIQUE_CHECKS=@OLD_UNIQUE_CHECKS */;
/*!40101 SET CHARACTER_SET_CLIENT=@OLD_CHARACTER_SET_CLIENT */;
/*!40101 SET CHARACTER_SET_RESULTS=@OLD_CHARACTER_SET_RESULTS */;
/*!40101 SET COLLATION_CONNECTION=@OLD_COLLATION_CONNECTION */;
/*!40111 SET SQL_NOTES=@OLD_SQL_NOTES */;

-- Dump completed on 2021-01-15 19:37:35
